pageid,ns,title,images
68879305,0,List of people named in the Pandora Papers,
164053,0,Abdullah II of Jordan,"['https://upload.wikimedia.org/wikipedia/commons/a/a5/AUT_Honour_for_Services_to_the_Republic_of_Austria_-_1st_Class_BAR.png', 'https://upload.wikimedia.org/wikipedia/commons/e/ee/Abdullah_II_of_Jordan%2C_2007March07_%28cropped%29.jpg', 'https://upload.wikimedia.org/wikipedia/commons/4/41/Abdullah_II_of_Jordan_-_2020_%2849389371012%29_%28cropped%29.jpg', 'https://upload.wikimedia.org/wikipedia/commons/d/d6/BRU_Royal_Family_Order_of_the_Crown_of_Brunei.svg', 'https://upload.wikimedia.org/wikipedia/commons/8/89/Barack_Obama_meets_with_Abdullah_II_of_Jordan_at_the_White_House_4-21-09.jpg', 'https://upload.wikimedia.org/wikipedia/commons/7/73/Blue_pencil.svg', 'https://upload.wikimedia.org/wikipedia/commons/e/e0/CZE_Rad_Bileho_Lva_1_tridy_BAR.svg', 'https://upload.wikimedia.org/wikipedia/commons/c/c4/Coat_of_arms_of_Jordan.svg', 'https://upload.wikimedia.org/wikipedia/commons/c/c4/Coat_of_arms_of_Jordan.svg', 'https://upload.wikimedia.org/wikipedia/commons/9/99/ESP_Gran_Cruz_Merito_Militar_%28Distintivo_Blanco%29_pasador.svg', 'https://upload.wikimedia.org/wikipedia/commons/f/f9/ESP_Gran_Cruz_Merito_Naval_%28Distintivo_Blanco%29_pasador.svg', 'https://upload.wikimedia.org/wikipedia/commons/c/c0/Flag_of_Jordan.svg', 'https://upload.wikimedia.org/wikipedia/commons/5/58/Formal_sitting_Address_by_His_Majesty_King_Abdullah_II%2C_King_of_the_Hashemite_Kingdom_of_Jordan_%2849389371012%29.jpg', 'https://upload.wikimedia.org/wikipedia/commons/3/3b/French_heraldic_crowns_-_King.svg', 'https://upload.wikimedia.org/wikipedia/commons/9/92/GER_Bundesverdienstkreuz_9_Sond_des_Grosskreuzes.svg', 'https://upload.wikimedia.org/wikipedia/commons/2/22/Grand_Crest_Ordre_de_Leopold.png', 'https://upload.wikimedia.org/wikipedia/commons/6/6b/Grand_Order_of_Mugunghwa_%28South_Korea%29_-_ribbon_bar.gif', 'https://upload.wikimedia.org/wikipedia/commons/1/15/Hannover_Gehry-Tower.jpg', 'https://upload.wikimedia.org/wikipedia/commons/a/ac/ITA_OMRI_2001_GC-GCord_BAR.svg', 'https://upload.wikimedia.org/wikipedia/commons/3/38/Info_Simple.svg', 'https://upload.wikimedia.org/wikipedia/commons/0/05/JOR_Al-Hussein_ibn_Ali_Order_BAR.svg', 'https://upload.wikimedia.org/wikipedia/commons/5/59/JOR_Order_of_Independence_GC.svg', 'https://upload.wikimedia.org/wikipedia/commons/d/d9/JOR_Order_of_the_Hashemite_Star_ribbon.svg', 'https://upload.wikimedia.org/wikipedia/commons/f/fe/JOR_Order_of_the_Renaissance_GC.SVG', 'https://upload.wikimedia.org/wikipedia/commons/6/65/JOR_Order_of_the_Star_of_Jordan_GC.svg', 'https://upload.wikimedia.org/wikipedia/commons/1/13/JPN_Daikun%27i_kikkasho_BAR.svg', 'https://upload.wikimedia.org/wikipedia/commons/d/d9/King_Abdullah_II_of_Jordan%27s_signature.png', 'https://upload.wikimedia.org/wikipedia/commons/b/b7/King_Abdullah_II_of_Jordan_portrait.jpeg', 'https://upload.wikimedia.org/wikipedia/commons/8/83/Lebanese_Order_of_Merit_Extraordinary_Grade.gif', 'https://upload.wikimedia.org/wikipedia/commons/8/86/MAR_Order_of_the_Throne_-_Special_Class_BAR.png', 'https://upload.wikimedia.org/wikipedia/commons/3/36/NED_Huisorde_van_Oranje_A1_BAR.png', 'https://upload.wikimedia.org/wikipedia/commons/a/a1/NLD_Order_of_the_Dutch_Lion_-_Grand_Cross_BAR.png', 'https://upload.wikimedia.org/wikipedia/commons/5/52/Order_of_Charles_III_-_Sash_of_Collar.svg', 'https://upload.wikimedia.org/wikipedia/commons/f/f2/Order_of_Civil_Merit_%28Spain%29_GC.svg', 'https://upload.wikimedia.org/wikipedia/commons/f/fe/Order_of_Isabella_the_Catholic_-_Sash_of_Collar.svg', 'https://upload.wikimedia.org/wikipedia/commons/1/19/Order_of_Merit_1st_Class_of_Ukraine.png', 'https://upload.wikimedia.org/wikipedia/commons/3/33/Order_of_Prince_Yaroslav_the_Wise_1st_2nd_and_3rd_Class_of_Ukraine.png', 'https://upload.wikimedia.org/wikipedia/commons/4/4c/Order_of_the_Bath_UK_ribbon.svg', 'https://upload.wikimedia.org/wikipedia/commons/4/4c/Order_of_the_Grand_Conqueror_%28Libya%29.gif', 'https://upload.wikimedia.org/wikipedia/commons/5/5e/Order_of_the_Republic_%28Tunisia%29_-_ribbon_bar.gif', 'https://upload.wikimedia.org/wikipedia/commons/b/b9/POL_Order_Or%C5%82a_Bia%C5%82ego_BAR.svg', 'https://upload.wikimedia.org/wikipedia/commons/1/19/PRT_Order_of_Prince_Henry_-_Grand_Cross_BAR.png', 'https://upload.wikimedia.org/wikipedia/commons/0/0e/PRT_Order_of_Saint_James_of_the_Sword_-_Grand_Collar_BAR.png', 'https://upload.wikimedia.org/wikipedia/commons/d/d7/Ribbon_Bar_of_None.svg', 'https://upload.wikimedia.org/wikipedia/commons/9/91/Secretary_Kerry_Meets_With_Jordanian_King_Abdullah_II.jpg', 'https://upload.wikimedia.org/wikipedia/commons/2/2d/Seraphimerorden_ribbon.svg', 'https://upload.wikimedia.org/wikipedia/commons/5/5b/Society.svg', 'https://upload.wikimedia.org/wikipedia/commons/5/57/St_Olavs_Orden_storkors_stripe.svg', 'https://upload.wikimedia.org/wikipedia/commons/f/f8/Standard_of_the_King_of_Jordan.svg', 'https://upload.wikimedia.org/wikipedia/commons/b/be/Star_of_Romania_Ribbon.PNG', 'https://upload.wikimedia.org/wikipedia/commons/0/03/UK_Order_St-Michael_St-George_ribbon.svg', 'https://upload.wikimedia.org/wikipedia/commons/b/be/UK_Royal_Victorian_Order_ribbon.svg', 'https://upload.wikimedia.org/wikipedia/commons/8/82/Vladimir_Putin_in_Jordan_13_February_2007-10.jpg', 'https://upload.wikimedia.org/wikipedia/commons/7/75/Wisam_al-Khalifa_1st_class.gif']"
43558615,0,Luis Abinader,"['https://upload.wikimedia.org/wikipedia/commons/7/7e/Circle-icons-profile.svg', 'https://upload.wikimedia.org/wikipedia/commons/7/7e/Circle-icons-profile.svg', 'https://upload.wikimedia.org/wikipedia/commons/0/0e/ElSimboloDelPresidenciaDelaRepublicaDominicana.png', 'https://upload.wikimedia.org/wikipedia/commons/9/9f/Flag_of_the_Dominican_Republic.svg', 'https://upload.wikimedia.org/wikipedia/commons/3/38/Info_Simple.svg', 'https://upload.wikimedia.org/wikipedia/commons/f/f6/Nuvola_Dominican_flag.svg', 'https://upload.wikimedia.org/wikipedia/commons/9/9d/President_Abinader_2020.jpg', 'https://upload.wikimedia.org/wikipedia/commons/5/5b/Society.svg']"
20806009,0,Patrick Achi,"['https://upload.wikimedia.org/wikipedia/commons/c/c4/118_Photo_Officielle_-_Ministre_d%27Etat_-_secretaire_general_de_la_presidence_Abidjan_Cocody_-_Riveira_3_24_01_2021.jpg', 'https://upload.wikimedia.org/wikipedia/commons/f/fe/Flag_of_C%C3%B4te_d%27Ivoire.svg', 'https://upload.wikimedia.org/wikipedia/commons/3/38/Info_Simple.svg', 'https://upload.wikimedia.org/wikipedia/commons/5/5b/Society.svg', 'https://upload.wikimedia.org/wikipedia/fr/f/fc/Armoiries_de_la_C%C3%B4te_d%27Ivoire_de_1964.png']"
25846254,0,Aires Ali,"['https://upload.wikimedia.org/wikipedia/commons/1/1c/Aires_Ali.jpg', 'https://upload.wikimedia.org/wikipedia/commons/7/7e/Circle-icons-profile.svg', 'https://upload.wikimedia.org/wikipedia/commons/7/7e/Circle-icons-profile.svg', 'https://upload.wikimedia.org/wikipedia/commons/1/14/Emblem_of_Mozambique.svg', 'https://upload.wikimedia.org/wikipedia/commons/d/d0/Flag_of_Mozambique.svg', 'https://upload.wikimedia.org/wikipedia/commons/3/38/Info_Simple.svg', 'https://upload.wikimedia.org/wikipedia/commons/b/b5/Nuvola_Mozambican_flag.svg', 'https://upload.wikimedia.org/wikipedia/commons/5/5b/Society.svg']"
22765442,0,Ilham Aliyev,"['https://upload.wikimedia.org/wikipedia/commons/a/a1/2017-fr.wp-orange-source.svg', 'https://upload.wikimedia.org/wikipedia/commons/7/73/Blue_pencil.svg', 'https://upload.wikimedia.org/wikipedia/commons/6/6b/Emblem_of_Azerbaijan.svg', 'https://upload.wikimedia.org/wikipedia/commons/6/6b/Emblem_of_Azerbaijan.svg', 'https://upload.wikimedia.org/wikipedia/commons/d/dd/Flag_of_Azerbaijan.svg', 'https://upload.wikimedia.org/wikipedia/commons/c/c3/Flag_of_France.svg', 'https://upload.wikimedia.org/wikipedia/commons/0/0f/Flag_of_Georgia.svg', 'https://upload.wikimedia.org/wikipedia/commons/5/5c/Flag_of_Greece.svg', 'https://upload.wikimedia.org/wikipedia/commons/a/aa/Flag_of_Kuwait.svg', 'https://upload.wikimedia.org/wikipedia/commons/8/84/Flag_of_Latvia.svg', 'https://upload.wikimedia.org/wikipedia/commons/1/12/Flag_of_Poland.svg', 'https://upload.wikimedia.org/wikipedia/commons/7/73/Flag_of_Romania.svg', 'https://upload.wikimedia.org/wikipedia/commons/f/f3/Flag_of_Russia.svg', 'https://upload.wikimedia.org/wikipedia/commons/0/0d/Flag_of_Saudi_Arabia.svg', 'https://upload.wikimedia.org/wikipedia/commons/f/ff/Flag_of_Serbia.svg', 'https://upload.wikimedia.org/wikipedia/commons/d/d0/Flag_of_Tajikistan.svg', 'https://upload.wikimedia.org/wikipedia/commons/b/b4/Flag_of_Turkey.svg', 'https://upload.wikimedia.org/wikipedia/commons/4/49/Flag_of_Ukraine.svg', 'https://upload.wikimedia.org/wikipedia/commons/4/4a/Flag_of_the_President_of_Azerbaijan.svg', 'https://upload.wikimedia.org/wikipedia/commons/3/35/Ilham_Aliyev_met_with_Prime_Minister_of_Malaysia_Mahathir_Mohamad_01.jpg', 'https://upload.wikimedia.org/wikipedia/commons/7/73/Ilham_Aliyev_was_interviewed_by_Euronews_TV_%28cropped%29_%28cropped%29.jpg', 'https://upload.wikimedia.org/wikipedia/commons/4/43/Ilham_Aliyev_with_EU_officials.jpg', 'https://upload.wikimedia.org/wikipedia/commons/3/38/Info_Simple.svg', 'https://upload.wikimedia.org/wikipedia/commons/6/6c/New_disambig.svg', 'https://upload.wikimedia.org/wikipedia/commons/2/22/Signature_of_Ilham_Aliyev.svg', 'https://upload.wikimedia.org/wikipedia/commons/5/5b/Society.svg', 'https://upload.wikimedia.org/wikipedia/commons/c/c1/Vladimir_Putin_and_Ilham_Aliyev_%282015-06-13%29_1.jpg']"
27919606,0,Ricardo Álvarez Arias,"['https://upload.wikimedia.org/wikipedia/commons/8/81/Coat_of_arms_of_Honduras.svg', 'https://upload.wikimedia.org/wikipedia/commons/3/38/Info_Simple.svg', 'https://upload.wikimedia.org/wikipedia/commons/9/92/Juan_Orlando_Hern%C3%A1ndez_Alvarado_no_Brasil.jpg', 'https://upload.wikimedia.org/wikipedia/commons/6/65/Lock-green.svg', 'https://upload.wikimedia.org/wikipedia/commons/c/c9/Portal.svg', 'https://upload.wikimedia.org/wikipedia/commons/5/5b/Society.svg']"
1222313,0,Anil Ambani,"['https://upload.wikimedia.org/wikipedia/commons/7/72/AnilAmbani.jpg', 'https://upload.wikimedia.org/wikipedia/commons/7/73/Blue_pencil.svg', 'https://upload.wikimedia.org/wikipedia/commons/a/a2/Factory.svg', 'https://upload.wikimedia.org/wikipedia/commons/4/41/Flag_of_India.svg', 'https://upload.wikimedia.org/wikipedia/commons/3/38/Info_Simple.svg']"
55786000,0,Mohamed Amersi,
1142794,0,Carlo Ancelotti,"['https://upload.wikimedia.org/wikipedia/commons/2/2a/Ancellotidouble.jpg', 'https://upload.wikimedia.org/wikipedia/commons/7/73/Blue_pencil.svg', 'https://upload.wikimedia.org/wikipedia/commons/7/76/Captain_sports.svg', 'https://upload.wikimedia.org/wikipedia/commons/4/41/Carlo_Ancelotti_2012-12-29.jpg', 'https://upload.wikimedia.org/wikipedia/commons/a/a9/Carlo_Ancelotti_2016_%28cropped%29.jpg', 'https://upload.wikimedia.org/wikipedia/commons/e/e7/Carlo_Ancelotti_in_Russia.jpg', 'https://upload.wikimedia.org/wikipedia/commons/7/77/Flag_of_Emilia-Romagna_%28de_facto%29.svg', 'https://upload.wikimedia.org/wikipedia/commons/b/be/Flag_of_England.svg', 'https://upload.wikimedia.org/wikipedia/commons/c/c3/Flag_of_France.svg', 'https://upload.wikimedia.org/wikipedia/commons/b/ba/Flag_of_Germany.svg', 'https://upload.wikimedia.org/wikipedia/commons/0/03/Flag_of_Italy.svg', 'https://upload.wikimedia.org/wikipedia/commons/9/9a/Flag_of_Spain.svg', 'https://upload.wikimedia.org/wikipedia/commons/2/20/Flag_of_the_Netherlands.svg', 'https://upload.wikimedia.org/wikipedia/commons/a/aa/ITA_OMRI_2001_Cav_BAR.svg', 'https://upload.wikimedia.org/wikipedia/commons/b/bb/ITA_OSI_2011_Uff_BAR.svg', 'https://upload.wikimedia.org/wikipedia/commons/3/38/Info_Simple.svg', 'https://upload.wikimedia.org/wikipedia/commons/a/a5/Long-semi-protection-shackle-frwiki.svg', 'https://upload.wikimedia.org/wikipedia/commons/6/6c/New_disambig.svg', 'https://upload.wikimedia.org/wikipedia/commons/1/16/Righthand.svg', 'https://upload.wikimedia.org/wikipedia/commons/0/0b/Soccer.svg', 'https://upload.wikimedia.org/wikipedia/commons/5/51/Soccerball_shade.svg', 'https://upload.wikimedia.org/wikipedia/commons/2/28/Zlatan_Ibrahimovi%C4%87_%26_Carlo_Ancelotti_%28PSG%29.jpg']"
1488304,0,María Asunción Aramburuzabala,"['https://upload.wikimedia.org/wikipedia/commons/7/73/Blue_pencil.svg', 'https://upload.wikimedia.org/wikipedia/commons/f/f3/Emblem-money.svg', 'https://upload.wikimedia.org/wikipedia/commons/f/fc/Flag_of_Mexico.svg', 'https://upload.wikimedia.org/wikipedia/commons/5/53/Help_books.svg', 'https://upload.wikimedia.org/wikipedia/commons/3/38/Info_Simple.svg', 'https://upload.wikimedia.org/wikipedia/commons/a/a9/MaAsuncionAramburuzabala.gif']"
39721295,0,Nasry Asfura,"['https://upload.wikimedia.org/wikipedia/commons/2/2d/01.09_%E7%B8%BD%E7%B5%B1%E6%96%BC%E4%B8%AD%E8%8F%AF%E6%B0%91%E5%9C%8B%E5%BB%A3%E5%A0%B4%EF%BC%8C%E6%8E%A5%E5%8F%97%E5%AE%8F%E4%BA%AC%E5%B8%82%E9%95%B7%E9%98%BF%E6%96%AF%E5%A4%AB%E6%8B%89%28Nasry_Juan_Asfura_Zablah%29%E8%87%B4%E8%B4%88%E7%B8%BD%E7%B5%B1%E5%B8%82%E9%91%B0%EF%BC%8C%E8%A1%A8%E9%81%94%E5%B0%8D%E8%A8%AA%E5%9C%98%E4%B8%80%E8%A1%8C%E7%9A%84%E6%AD%A1%E8%BF%8E_%2832062590462%29.jpg', 'https://upload.wikimedia.org/wikipedia/commons/3/38/Info_Simple.svg', 'https://upload.wikimedia.org/wikipedia/commons/c/c9/Portal.svg', 'https://upload.wikimedia.org/wikipedia/commons/5/5b/Society.svg']"
40378134,0,Andrej Babiš,"['https://upload.wikimedia.org/wikipedia/commons/d/d4/Andrej_Babi%C5%A1_-_signature.png', 'https://upload.wikimedia.org/wikipedia/commons/b/bb/Andrej_Babi%C5%A1_v_roce_2020_%28cropped%29.jpg', 'https://upload.wikimedia.org/wikipedia/commons/7/73/Blue_pencil.svg', 'https://upload.wikimedia.org/wikipedia/commons/3/30/Circle-icons-scissors.svg', 'https://upload.wikimedia.org/wikipedia/commons/e/ed/Coat_of_arms_of_the_Czech_Republic.svg', 'https://upload.wikimedia.org/wikipedia/commons/0/07/Council_of_the_EU_and_European_Council.svg', 'https://upload.wikimedia.org/wikipedia/commons/0/07/Council_of_the_EU_and_European_Council.svg', 'https://upload.wikimedia.org/wikipedia/commons/3/33/Emblem_of_the_Government_of_the_Czech_Republic.svg', 'https://upload.wikimedia.org/wikipedia/commons/a/a2/Factory.svg', 'https://upload.wikimedia.org/wikipedia/commons/c/cb/Flag_of_the_Czech_Republic.svg', 'https://upload.wikimedia.org/wikipedia/commons/b/b7/Flag_of_Europe.svg', 'https://upload.wikimedia.org/wikipedia/commons/c/cb/Flag_of_the_Czech_Republic.svg', 'https://upload.wikimedia.org/wikipedia/commons/3/38/Info_Simple.svg', 'https://upload.wikimedia.org/wikipedia/commons/7/73/Ministry_of_Finance_of_the_Czech_Republic_logo-en.png', 'https://upload.wikimedia.org/wikipedia/commons/d/d2/Monika_Babi%C5%A1ov%C3%A1_a_Andrej_Babi%C5%A1_2015.JPG', 'https://upload.wikimedia.org/wikipedia/commons/6/6c/New_disambig.svg', 'https://upload.wikimedia.org/wikipedia/commons/5/5b/Society.svg', 'https://upload.wikimedia.org/wikipedia/commons/c/ce/Wikitext.svg']"
61319390,0,Ivan Bakanov,
20168596,0,Nir Barkat,"['https://upload.wikimedia.org/wikipedia/commons/7/7f/Emblem_of_Jerusalem.svg', 'https://upload.wikimedia.org/wikipedia/commons/d/d4/Flag_of_Israel.svg', 'https://upload.wikimedia.org/wikipedia/commons/3/38/Info_Simple.svg', 'https://upload.wikimedia.org/wikipedia/commons/0/01/Nir_Barkat%2C_Mayor_of_Jerusalem_%284462290204%29_%28cropped%29.jpg', 'https://upload.wikimedia.org/wikipedia/commons/5/5b/Society.svg']"
11117435,0,Andres D. Bautista,
271186,0,Cherie Blair,"['https://upload.wikimedia.org/wikipedia/commons/a/a1/2017-fr.wp-orange-source.svg', 'https://upload.wikimedia.org/wikipedia/commons/7/73/Blue_pencil.svg', 'https://upload.wikimedia.org/wikipedia/commons/2/21/Cherie_Blair_QC_%28cropped2%29.jpg', 'https://upload.wikimedia.org/wikipedia/commons/d/da/Circle-icons-pencil.svg', 'https://upload.wikimedia.org/wikipedia/commons/a/af/Crowned_Portcullis.svg', 'https://upload.wikimedia.org/wikipedia/commons/3/38/Info_Simple.svg', 'https://upload.wikimedia.org/wikipedia/commons/6/6c/New_disambig.svg']"
3301347,0,Tony Blair,"['https://upload.wikimedia.org/wikipedia/commons/2/23/2005_03_01_rice_blair_600.jpg', 'https://upload.wikimedia.org/wikipedia/commons/8/83/Article_de_qualit%C3%A9.svg', 'https://upload.wikimedia.org/wikipedia/commons/8/83/Article_de_qualit%C3%A9.svg', 'https://upload.wikimedia.org/wikipedia/commons/7/70/Blair_Bush_Whitehouse_%282004-11-12%29.jpg', 'https://upload.wikimedia.org/wikipedia/commons/a/a3/Blair_June_2007.jpg', 'https://upload.wikimedia.org/wikipedia/commons/7/73/Blue_pencil.svg', 'https://upload.wikimedia.org/wikipedia/commons/3/34/BushBlairIraqSov.jpg', 'https://upload.wikimedia.org/wikipedia/commons/0/0f/Chirac_Bush_Blair_Berlusconi.jpg', 'https://upload.wikimedia.org/wikipedia/commons/c/cb/Clinton_Blair.jpg', 'https://upload.wikimedia.org/wikipedia/commons/a/af/Crowned_Portcullis.svg', 'https://upload.wikimedia.org/wikipedia/commons/b/b7/Flag_of_Europe.svg', 'https://upload.wikimedia.org/wikipedia/commons/d/d4/Flag_of_Israel.svg', 'https://upload.wikimedia.org/wikipedia/commons/1/1f/Flag_of_Kosovo.svg', 'https://upload.wikimedia.org/wikipedia/commons/1/10/Flag_of_Scotland.svg', 'https://upload.wikimedia.org/wikipedia/commons/a/ae/Flag_of_the_United_Kingdom.svg', 'https://upload.wikimedia.org/wikipedia/commons/3/38/Info_Simple.svg', 'https://upload.wikimedia.org/wikipedia/commons/6/6c/New_disambig.svg', 'https://upload.wikimedia.org/wikipedia/commons/1/1a/Royal_Coat_of_Arms_of_the_United_Kingdom_%28HM_Government%29.svg', 'https://upload.wikimedia.org/wikipedia/commons/2/21/Tony_Blair_-_Jerusalem_-_June_2011.jpg', 'https://upload.wikimedia.org/wikipedia/commons/8/8e/Tony_Blair_2010_%28cropped%29.jpg']"
3149816,0,Ali Bongo Ondimba,"['https://upload.wikimedia.org/wikipedia/commons/8/86/Africa_%28orthographic_projection%29.svg', 'https://upload.wikimedia.org/wikipedia/commons/e/e6/Ali_Bongo_-_allocution_du_21_mars_2020_%28cropped%29.jpg', 'https://upload.wikimedia.org/wikipedia/commons/9/97/Ali_Bongo_Ondimba%2C_2012.jpg', 'https://upload.wikimedia.org/wikipedia/commons/7/73/Blue_pencil.svg', 'https://upload.wikimedia.org/wikipedia/commons/7/77/Coat_of_arms_of_Gabon.svg', 'https://upload.wikimedia.org/wikipedia/commons/0/04/Flag_of_Gabon.svg', 'https://upload.wikimedia.org/wikipedia/commons/c/cf/Illegal_Wildlife_Trade_Conference_London_2018_%2845245994881%29.jpg', 'https://upload.wikimedia.org/wikipedia/commons/3/38/Info_Simple.svg', 'https://upload.wikimedia.org/wikipedia/commons/a/aa/Lock-red-alt-2.svg', 'https://upload.wikimedia.org/wikipedia/commons/6/6c/New_disambig.svg', 'https://upload.wikimedia.org/wikipedia/commons/5/5b/Society.svg']"
148209,0,Miguel Bosé,"['https://upload.wikimedia.org/wikipedia/commons/8/8c/Blank_television_set.svg', 'https://upload.wikimedia.org/wikipedia/commons/7/73/Blue_pencil.svg', 'https://upload.wikimedia.org/wikipedia/commons/3/38/Info_Simple.svg', 'https://upload.wikimedia.org/wikipedia/commons/a/aa/Italy_film_clapperboard.svg', 'https://upload.wikimedia.org/wikipedia/commons/a/a7/Miguel_Bos%C3%A9_en_la_Presentaci%C3%B3n_de_la_Gala_Sida_de_2017.jpg', 'https://upload.wikimedia.org/wikipedia/commons/a/ac/Musical_notes.svg', 'https://upload.wikimedia.org/wikipedia/commons/6/6c/New_disambig.svg', 'https://upload.wikimedia.org/wikipedia/commons/3/3c/Spain_film_clapperboard.svg']"
614426,0,Flavio Briatore,"['https://upload.wikimedia.org/wikipedia/commons/f/f3/2008_Singapore_Grand_Prix_Renault_Nelson_Piquet_Jr_crash.jpg', 'https://upload.wikimedia.org/wikipedia/commons/7/73/Blue_pencil.svg', 'https://upload.wikimedia.org/wikipedia/commons/6/6a/Checkered_flags-fr.svg', 'https://upload.wikimedia.org/wikipedia/commons/d/d8/F1_pictogram.svg', 'https://upload.wikimedia.org/wikipedia/commons/0/03/Flag_of_Italy.svg', 'https://upload.wikimedia.org/wikipedia/commons/b/b9/Flag_of_Piedmont.svg', 'https://upload.wikimedia.org/wikipedia/commons/8/8a/Flavio_Briatore.JPG', 'https://upload.wikimedia.org/wikipedia/commons/1/11/Flavio_Briatore_Chinese_GP_2008.jpg', 'https://upload.wikimedia.org/wikipedia/commons/3/38/Info_Simple.svg', 'https://upload.wikimedia.org/wikipedia/commons/7/75/Signorina_in_viola.svg', 'https://upload.wikimedia.org/wikipedia/commons/0/0b/Soccer.svg']"
67091575,0,Robert Brockman,
59082974,0,Roberto Campos Neto,
39048048,0,Horacio Cartes,"['https://upload.wikimedia.org/wikipedia/commons/7/70/Coat_of_arms_of_Paraguay.svg', 'https://upload.wikimedia.org/wikipedia/commons/2/27/Flag_of_Paraguay.svg', 'https://upload.wikimedia.org/wikipedia/commons/f/fb/Horacio_Cartes_con_banda.jpg', 'https://upload.wikimedia.org/wikipedia/commons/3/38/Info_Simple.svg', 'https://upload.wikimedia.org/wikipedia/commons/a/a3/Presidente_H._Cartes_firma.jpg', 'https://upload.wikimedia.org/wikipedia/commons/5/5b/Society.svg']"
41382352,0,Aymeric Chauprade,"['https://upload.wikimedia.org/wikipedia/commons/2/28/Aymeric_Chauprade_PP_2018.jpg', 'https://upload.wikimedia.org/wikipedia/commons/7/73/Blue_pencil.svg', 'https://upload.wikimedia.org/wikipedia/commons/a/a3/Eurocorps.png', 'https://upload.wikimedia.org/wikipedia/commons/b/b7/Flag_of_Europe.svg', 'https://upload.wikimedia.org/wikipedia/commons/7/75/H%C3%A9micycle_2_Palais_Bourbon_scropped_and_smaller.jpg', 'https://upload.wikimedia.org/wikipedia/commons/3/38/Info_Simple.svg', 'https://upload.wikimedia.org/wikipedia/commons/1/17/MapL.png', 'https://upload.wikimedia.org/wikipedia/commons/8/87/Old_book_bindings.jpg']"
740626,0,Alfredo Cristiani,"['https://upload.wikimedia.org/wikipedia/commons/0/08/Alfredo_Cristiani.jpg', 'https://upload.wikimedia.org/wikipedia/commons/3/34/Flag_of_El_Salvador.svg', 'https://upload.wikimedia.org/wikipedia/commons/3/38/Info_Simple.svg', 'https://upload.wikimedia.org/wikipedia/commons/6/6c/New_disambig.svg', 'https://upload.wikimedia.org/wikipedia/commons/5/5b/Society.svg']"
787936,0,John Dalli,"['https://upload.wikimedia.org/wikipedia/commons/7/73/Blue_pencil.svg', 'https://upload.wikimedia.org/wikipedia/commons/7/7e/Circle-icons-profile.svg', 'https://upload.wikimedia.org/wikipedia/commons/7/7e/Circle-icons-profile.svg', 'https://upload.wikimedia.org/wikipedia/commons/e/eb/Coat_of_arms_of_Malta.svg', 'https://upload.wikimedia.org/wikipedia/commons/b/b7/Flag_of_Europe.svg', 'https://upload.wikimedia.org/wikipedia/commons/7/73/Flag_of_Malta.svg', 'https://upload.wikimedia.org/wikipedia/commons/3/38/Info_Simple.svg', 'https://upload.wikimedia.org/wikipedia/commons/f/f7/John_Dalli_2011_%28cropped%29.jpg', 'https://upload.wikimedia.org/wikipedia/commons/6/6c/New_disambig.svg', 'https://upload.wikimedia.org/wikipedia/commons/3/36/Nuvola_Maltese_flag.svg', 'https://upload.wikimedia.org/wikipedia/commons/5/5b/Society.svg']"
8918937,0,Ángel Di María,"['https://upload.wikimedia.org/wikipedia/commons/7/73/Blue_pencil.svg', 'https://upload.wikimedia.org/wikipedia/commons/7/76/Captain_sports.svg', 'https://upload.wikimedia.org/wikipedia/commons/8/81/Di_Maria.jpg', 'https://upload.wikimedia.org/wikipedia/commons/1/1a/Flag_of_Argentina.svg', 'https://upload.wikimedia.org/wikipedia/commons/4/48/Flag_of_Bolivia.svg', 'https://upload.wikimedia.org/wikipedia/commons/0/05/Flag_of_Brazil.svg', 'https://upload.wikimedia.org/wikipedia/commons/c/cf/Flag_of_Canada.svg', 'https://upload.wikimedia.org/wikipedia/commons/7/78/Flag_of_Chile.svg', 'https://upload.wikimedia.org/wikipedia/commons/2/21/Flag_of_Colombia.svg', 'https://upload.wikimedia.org/wikipedia/commons/f/f2/Flag_of_Costa_Rica.svg', 'https://upload.wikimedia.org/wikipedia/commons/e/e8/Flag_of_Ecuador.svg', 'https://upload.wikimedia.org/wikipedia/commons/b/be/Flag_of_England.svg', 'https://upload.wikimedia.org/wikipedia/commons/c/c3/Flag_of_France.svg', 'https://upload.wikimedia.org/wikipedia/commons/b/ba/Flag_of_Germany.svg', 'https://upload.wikimedia.org/wikipedia/commons/4/45/Flag_of_Ireland.svg', 'https://upload.wikimedia.org/wikipedia/commons/0/03/Flag_of_Italy.svg', 'https://upload.wikimedia.org/wikipedia/commons/7/79/Flag_of_Nigeria.svg', 'https://upload.wikimedia.org/wikipedia/commons/2/27/Flag_of_Paraguay.svg', 'https://upload.wikimedia.org/wikipedia/commons/e/ec/Flag_of_Paraguay_%281990%E2%80%932013%29.svg', 'https://upload.wikimedia.org/wikipedia/commons/e/ec/Flag_of_Paraguay_%281990%E2%80%932013%29.svg', 'https://upload.wikimedia.org/wikipedia/commons/5/5c/Flag_of_Portugal.svg', 'https://upload.wikimedia.org/wikipedia/commons/4/48/Flag_of_Singapore.svg', 'https://upload.wikimedia.org/wikipedia/commons/9/9a/Flag_of_Spain.svg', 'https://upload.wikimedia.org/wikipedia/commons/f/f3/Flag_of_Switzerland.svg', 'https://upload.wikimedia.org/wikipedia/commons/4/4f/Gold_medal_olympic.svg', 'https://upload.wikimedia.org/wikipedia/commons/3/38/Info_Simple.svg', 'https://upload.wikimedia.org/wikipedia/commons/8/8c/NIG-ARG_%285%29.jpg', 'https://upload.wikimedia.org/wikipedia/commons/0/0d/PSG-Shakhter15_%281%29.jpg', 'https://upload.wikimedia.org/wikipedia/commons/1/16/Righthand.svg', 'https://upload.wikimedia.org/wikipedia/commons/0/0b/Soccer.svg', 'https://upload.wikimedia.org/wikipedia/commons/c/cc/%C3%81ngel_Di_Mar%C3%ADa.jpg']"
37966185,0,Hassan Diab,"['https://upload.wikimedia.org/wikipedia/commons/7/73/Blue_pencil.svg', 'https://upload.wikimedia.org/wikipedia/commons/0/02/Circle-icons-computer.svg', 'https://upload.wikimedia.org/wikipedia/commons/9/98/Coat_of_arms_of_Lebanon.svg', 'https://upload.wikimedia.org/wikipedia/commons/9/98/Coat_of_arms_of_Lebanon.svg', 'https://upload.wikimedia.org/wikipedia/commons/5/59/Flag_of_Lebanon.svg', 'https://upload.wikimedia.org/wikipedia/commons/3/30/Hassan_Diab_PM_%28cropped_2%29.jpg', 'https://upload.wikimedia.org/wikipedia/commons/3/38/Info_Simple.svg', 'https://upload.wikimedia.org/wikipedia/commons/6/6c/New_disambig.svg', 'https://upload.wikimedia.org/wikipedia/commons/5/5b/Society.svg']"
64687721,0,Jorge Arganis Díaz Leal,"['https://upload.wikimedia.org/wikipedia/commons/f/fc/Flag_of_Mexico.svg', 'https://upload.wikimedia.org/wikipedia/commons/3/38/Info_Simple.svg', 'https://upload.wikimedia.org/wikipedia/commons/5/5b/Society.svg']"
10124535,0,Aco Đukanović,
498265,0,Milo Đukanović,"['https://upload.wikimedia.org/wikipedia/commons/a/a1/2017-fr.wp-orange-source.svg', 'https://upload.wikimedia.org/wikipedia/commons/7/73/Blue_pencil.svg', 'https://upload.wikimedia.org/wikipedia/commons/2/23/Coat_of_arms_of_Montenegro.svg', 'https://upload.wikimedia.org/wikipedia/commons/2/23/Coat_of_arms_of_Montenegro_%281992-2004%29.svg', 'https://upload.wikimedia.org/wikipedia/commons/6/64/Flag_of_Montenegro.svg', 'https://upload.wikimedia.org/wikipedia/commons/3/38/Info_Simple.svg', 'https://upload.wikimedia.org/wikipedia/commons/6/63/Milo_djukanovic.jpg', 'https://upload.wikimedia.org/wikipedia/commons/3/32/Secretary_Kerry_Puts_the_Cap_Back_on_His_Pen_After_Signing_an_Accession_Protocol_to_Continue_Montenegro%27s_Admission_to_NATO_in_Brussels_%2827045333901%29_%28cropped%29.jpg', 'https://upload.wikimedia.org/wikipedia/commons/5/5b/Society.svg']"
48561538,0,Jaime Durán Barba,
35984069,0,Konstantin Ernst,"['https://upload.wikimedia.org/wikipedia/commons/6/6c/2011-02-03_%D0%92%D0%BB%D0%B0%D0%B4%D0%B8%D0%BC%D0%B8%D1%80_%D0%9F%D1%83%D1%82%D0%B8%D0%BD_%D1%81_%D0%BA%D0%BE%D0%BB%D0%BB%D0%B5%D0%BA%D1%82%D0%B8%D0%B2%D0%BE%D0%BC_%D0%9F%D0%B5%D1%80%D0%B2%D0%BE%D0%B3%D0%BE_%D0%BA%D0%B0%D0%BD%D0%B0%D0%BB%D0%B0_%287%29.jpeg', 'https://upload.wikimedia.org/wikipedia/commons/8/8c/Blank_television_set.svg', 'https://upload.wikimedia.org/wikipedia/commons/7/73/Blue_pencil.svg', 'https://upload.wikimedia.org/wikipedia/commons/2/2c/Broom_icon.svg', 'https://upload.wikimedia.org/wikipedia/commons/3/39/Ernst_Medvedev.jpeg', 'https://upload.wikimedia.org/wikipedia/commons/3/38/Info_Simple.svg', 'https://upload.wikimedia.org/wikipedia/commons/2/2d/Konstantin_Ernst_%2818-06-2019%29.jpg', 'https://upload.wikimedia.org/wikipedia/commons/4/40/Matryoshka_transparent.png']"
392360,0,Francisco Flores Pérez,"['https://upload.wikimedia.org/wikipedia/commons/7/73/Blue_pencil.svg', 'https://upload.wikimedia.org/wikipedia/commons/7/7e/Circle-icons-profile.svg', 'https://upload.wikimedia.org/wikipedia/commons/7/7e/Circle-icons-profile.svg', 'https://upload.wikimedia.org/wikipedia/commons/3/34/Flag_of_El_Salvador.svg', 'https://upload.wikimedia.org/wikipedia/commons/3/38/Info_Simple.svg', 'https://upload.wikimedia.org/wikipedia/commons/f/ff/MCO_Order_of_Grimaldi_-_Grand_Cross_BAR.png', 'https://upload.wikimedia.org/wikipedia/commons/6/6c/New_disambig.svg', 'https://upload.wikimedia.org/wikipedia/commons/5/5b/President_Francisco_Flores_El_Salvador1.jpg', 'https://upload.wikimedia.org/wikipedia/commons/b/b6/Seal_of_the_President_of_El_Salvador.svg', 'https://upload.wikimedia.org/wikipedia/commons/5/5b/Society.svg']"
1723582,0,Guy Forget,"['https://upload.wikimedia.org/wikipedia/commons/7/73/Blue_pencil.svg', 'https://upload.wikimedia.org/wikipedia/commons/e/ed/Decrease2.svg', 'https://upload.wikimedia.org/wikipedia/commons/1/1a/Flag_of_Argentina.svg', 'https://upload.wikimedia.org/wikipedia/commons/b/b9/Flag_of_Australia.svg', 'https://upload.wikimedia.org/wikipedia/commons/4/41/Flag_of_Austria.svg', 'https://upload.wikimedia.org/wikipedia/commons/9/92/Flag_of_Belgium_%28civil%29.svg', 'https://upload.wikimedia.org/wikipedia/commons/2/2e/Flag_of_Brazil_%281968%E2%80%931992%29.svg', 'https://upload.wikimedia.org/wikipedia/commons/2/2e/Flag_of_Brazil_%281968%E2%80%931992%29.svg', 'https://upload.wikimedia.org/wikipedia/commons/c/cf/Flag_of_Canada.svg', 'https://upload.wikimedia.org/wikipedia/commons/1/1b/Flag_of_Croatia.svg', 'https://upload.wikimedia.org/wikipedia/commons/c/cb/Flag_of_the_Czech_Republic.svg', 'https://upload.wikimedia.org/wikipedia/commons/9/9c/Flag_of_Denmark.svg', 'https://upload.wikimedia.org/wikipedia/commons/e/e8/Flag_of_Ecuador.svg', 'https://upload.wikimedia.org/wikipedia/commons/b/bc/Flag_of_Finland.svg', 'https://upload.wikimedia.org/wikipedia/commons/c/c3/Flag_of_France.svg', 'https://upload.wikimedia.org/wikipedia/commons/b/ba/Flag_of_Germany.svg', 'https://upload.wikimedia.org/wikipedia/commons/c/ca/Flag_of_Iran.svg', 'https://upload.wikimedia.org/wikipedia/commons/d/d4/Flag_of_Israel.svg', 'https://upload.wikimedia.org/wikipedia/commons/0/03/Flag_of_Italy.svg', 'https://upload.wikimedia.org/wikipedia/commons/9/9e/Flag_of_Japan.svg', 'https://upload.wikimedia.org/wikipedia/commons/f/fc/Flag_of_Mexico.svg', 'https://upload.wikimedia.org/wikipedia/commons/e/ea/Flag_of_Monaco.svg', 'https://upload.wikimedia.org/wikipedia/commons/3/3e/Flag_of_New_Zealand.svg', 'https://upload.wikimedia.org/wikipedia/commons/e/e1/Flag_of_Paraguay_%281954-1988%29.svg', 'https://upload.wikimedia.org/wikipedia/commons/1/12/Flag_of_Poland.svg', 'https://upload.wikimedia.org/wikipedia/commons/7/73/Flag_of_Romania.svg', 'https://upload.wikimedia.org/wikipedia/commons/f/f3/Flag_of_Russia.svg', 'https://upload.wikimedia.org/wikipedia/commons/6/61/Flag_of_Yugoslavia_%281946-1992%29.svg', 'https://upload.wikimedia.org/wikipedia/commons/e/e6/Flag_of_Slovakia.svg', 'https://upload.wikimedia.org/wikipedia/commons/a/af/Flag_of_South_Africa.svg', 'https://upload.wikimedia.org/wikipedia/commons/7/77/Flag_of_South_Africa_%281928%E2%80%931994%29.svg', 'https://upload.wikimedia.org/wikipedia/commons/7/77/Flag_of_South_Africa_%281928%E2%80%931994%29.svg', 'https://upload.wikimedia.org/wikipedia/commons/9/9a/Flag_of_Spain.svg', 'https://upload.wikimedia.org/wikipedia/commons/4/4c/Flag_of_Sweden.svg', 'https://upload.wikimedia.org/wikipedia/commons/f/f3/Flag_of_Switzerland.svg', 'https://upload.wikimedia.org/wikipedia/commons/6/61/Flag_of_Yugoslavia_%281946-1992%29.svg', 'https://upload.wikimedia.org/wikipedia/commons/9/93/Flag_of_the_Bahamas.svg', 'https://upload.wikimedia.org/wikipedia/commons/c/cb/Flag_of_the_Czech_Republic.svg', 'https://upload.wikimedia.org/wikipedia/commons/2/20/Flag_of_the_Netherlands.svg', 'https://upload.wikimedia.org/wikipedia/commons/a/a9/Flag_of_the_Soviet_Union.svg', 'https://upload.wikimedia.org/wikipedia/commons/a/ae/Flag_of_the_United_Kingdom.svg', 'https://upload.wikimedia.org/wikipedia/commons/a/a4/Flag_of_the_United_States.svg', 'https://upload.wikimedia.org/wikipedia/commons/6/60/Forget_2010.jpg', 'https://upload.wikimedia.org/wikipedia/commons/b/b0/Increase2.svg', 'https://upload.wikimedia.org/wikipedia/commons/0/00/Location_map_Greater_Casablanca.png', 'https://upload.wikimedia.org/wikipedia/commons/3/3f/Logo_informations.svg', 'https://upload.wikimedia.org/wikipedia/commons/6/6c/New_disambig.svg', 'https://upload.wikimedia.org/wikipedia/commons/8/85/Tennis_pictogram.svg']"
2213967,0,David Furnish,"['https://upload.wikimedia.org/wikipedia/commons/a/a1/2017-fr.wp-orange-source.svg', 'https://upload.wikimedia.org/wikipedia/commons/7/73/Blue_pencil.svg', 'https://upload.wikimedia.org/wikipedia/commons/d/d4/Crystal_Clear_app_kguitar.png', 'https://upload.wikimedia.org/wikipedia/commons/4/43/Crystal_icons.svg', 'https://upload.wikimedia.org/wikipedia/commons/b/bc/EJAF_logo.jpg', 'https://upload.wikimedia.org/wikipedia/commons/0/04/Elton_John_%288183493581%29.jpg', 'https://upload.wikimedia.org/wikipedia/commons/5/5a/Elton_John_Bernie_Taupin_1971.JPG', 'https://upload.wikimedia.org/wikipedia/commons/3/3a/Elton_John_Cannes_2019.jpg', 'https://upload.wikimedia.org/wikipedia/commons/e/e2/Elton_John_Logo.svg', 'https://upload.wikimedia.org/wikipedia/commons/6/66/Elton_John_in_1980s.jpg', 'https://upload.wikimedia.org/wikipedia/commons/0/08/Elton_John_on_stage.jpg', 'https://upload.wikimedia.org/wikipedia/commons/3/3d/Elton_John_signature.jpg', 'https://upload.wikimedia.org/wikipedia/commons/9/97/Elton_john_rock_music_awards_1975.JPG', 'https://upload.wikimedia.org/wikipedia/commons/a/ae/Flag_of_the_United_Kingdom.svg', 'https://upload.wikimedia.org/wikipedia/commons/4/48/Gay_Pride_Flag.svg', 'https://upload.wikimedia.org/wikipedia/commons/4/48/Gay_Pride_Flag.svg', 'https://upload.wikimedia.org/wikipedia/commons/3/38/Info_Simple.svg', 'https://upload.wikimedia.org/wikipedia/commons/e/eb/Information_icon_with_gradient_background.svg', 'https://upload.wikimedia.org/wikipedia/commons/e/e6/Legion_Honneur_Chevalier_ribbon.svg', 'https://upload.wikimedia.org/wikipedia/commons/6/6c/New_disambig.svg', 'https://upload.wikimedia.org/wikipedia/commons/2/2a/Ordre_des_Arts_et_des_Lettres_Officier_ribbon.svg', 'https://upload.wikimedia.org/wikipedia/commons/7/7c/P_London_bus.png', 'https://upload.wikimedia.org/wikipedia/commons/e/ed/Record_symbol.svg']"
22254526,0,Rex Gatchalian,"['https://upload.wikimedia.org/wikipedia/commons/a/a1/2017-fr.wp-orange-source.svg', 'https://upload.wikimedia.org/wikipedia/commons/3/39/Emblem-risk2.svg', 'https://upload.wikimedia.org/wikipedia/commons/9/99/Flag_of_the_Philippines.svg', 'https://upload.wikimedia.org/wikipedia/commons/3/38/Info_Simple.svg']"
162749,0,César Gaviria,"['https://upload.wikimedia.org/wikipedia/commons/7/73/Blue_pencil.svg', 'https://upload.wikimedia.org/wikipedia/commons/1/11/Bon_article.svg', 'https://upload.wikimedia.org/wikipedia/commons/d/d1/C%C3%A9sar_Gaviria.jpg', 'https://upload.wikimedia.org/wikipedia/commons/2/21/Flag_of_Colombia.svg', 'https://upload.wikimedia.org/wikipedia/commons/5/5b/Flag_of_New_Granada.svg', 'https://upload.wikimedia.org/wikipedia/commons/9/95/Flag_of_New_Granada_%281811-1814%29.svg', 'https://upload.wikimedia.org/wikipedia/commons/9/97/Flag_of_the_Gran_Colombia.svg', 'https://upload.wikimedia.org/wikipedia/commons/3/38/Info_Simple.svg', 'https://upload.wikimedia.org/wikipedia/commons/e/e8/Presidential_Seal_of_Colombia.svg', 'https://upload.wikimedia.org/wikipedia/commons/5/5b/Society.svg']"
23070233,0,Jaime Gilinski Bacal,
30367091,0,Isaac Gilinski Sragowicz,
2396553,0,Pep Guardiola,"['https://upload.wikimedia.org/wikipedia/commons/7/73/Blue_pencil.svg', 'https://upload.wikimedia.org/wikipedia/commons/3/38/Camiseta-Guardiola-4.JPG', 'https://upload.wikimedia.org/wikipedia/commons/7/76/Captain_sports.svg', 'https://upload.wikimedia.org/wikipedia/commons/1/16/Circle-icons-clipboard.svg', 'https://upload.wikimedia.org/wikipedia/commons/c/ce/Flag_of_Catalonia.svg', 'https://upload.wikimedia.org/wikipedia/commons/b/be/Flag_of_England.svg', 'https://upload.wikimedia.org/wikipedia/commons/b/ba/Flag_of_Germany.svg', 'https://upload.wikimedia.org/wikipedia/commons/0/03/Flag_of_Italy.svg', 'https://upload.wikimedia.org/wikipedia/commons/f/fc/Flag_of_Mexico.svg', 'https://upload.wikimedia.org/wikipedia/commons/6/65/Flag_of_Qatar.svg', 'https://upload.wikimedia.org/wikipedia/commons/9/9a/Flag_of_Spain.svg', 'https://upload.wikimedia.org/wikipedia/commons/3/38/Info_Simple.svg', 'https://upload.wikimedia.org/wikipedia/commons/6/6c/New_disambig.svg', 'https://upload.wikimedia.org/wikipedia/commons/b/be/Pep_2017_%28cropped%29.jpg', 'https://upload.wikimedia.org/wikipedia/commons/1/13/Pep_Guardiola%2C_2009_UEFA_Champions_League_Final.jpg', 'https://upload.wikimedia.org/wikipedia/commons/6/63/Pep_Guardiola_2.1.jpg', 'https://upload.wikimedia.org/wikipedia/commons/d/d6/Pep_Guardiola_Training_FC_Bayern_M%C3%BCnchen-5.jpg', 'https://upload.wikimedia.org/wikipedia/commons/1/16/Righthand.svg', 'https://upload.wikimedia.org/wikipedia/commons/0/0b/Soccer.svg']"
58710684,0,Paulo Guedes,"['https://upload.wikimedia.org/wikipedia/commons/7/73/Blue_pencil.svg', 'https://upload.wikimedia.org/wikipedia/commons/f/f3/Emblem-money.svg', 'https://upload.wikimedia.org/wikipedia/commons/0/05/Flag_of_Brazil.svg', 'https://upload.wikimedia.org/wikipedia/commons/3/38/Info_Simple.svg', 'https://upload.wikimedia.org/wikipedia/commons/5/5a/Paulo_Guedes_%28cropped%29.jpg']"
56056556,0,Airlangga Hartarto,"['https://upload.wikimedia.org/wikipedia/commons/6/6f/Airlangga_Hartarto.jpg', 'https://upload.wikimedia.org/wikipedia/commons/9/9f/Flag_of_Indonesia.svg', 'https://upload.wikimedia.org/wikipedia/commons/3/38/Info_Simple.svg', 'https://upload.wikimedia.org/wikipedia/commons/5/5b/Society.svg']"
55783045,0,Wopke Hoekstra,"['https://upload.wikimedia.org/wikipedia/commons/2/20/Flag_of_the_Netherlands.svg', 'https://upload.wikimedia.org/wikipedia/commons/3/38/Info_Simple.svg', 'https://upload.wikimedia.org/wikipedia/commons/6/6c/New_disambig.svg', 'https://upload.wikimedia.org/wikipedia/commons/0/08/Nokia_Lumia_1020_Front.svg', 'https://upload.wikimedia.org/wikipedia/commons/5/5b/Society.svg', 'https://upload.wikimedia.org/wikipedia/commons/7/7a/Wopke_Hoekstra_2019_%28cropped%29.jpg']"
19554473,0,Julio Iglesias,"['https://upload.wikimedia.org/wikipedia/commons/a/a1/2017-fr.wp-orange-source.svg', 'https://upload.wikimedia.org/wikipedia/commons/7/73/Blue_pencil.svg', 'https://upload.wikimedia.org/wikipedia/commons/2/22/Crystal_Clear_app_package_network-vector.svg', 'https://upload.wikimedia.org/wikipedia/commons/2/21/Diamond_record_icon.svg', 'https://upload.wikimedia.org/wikipedia/commons/c/c2/Escportal.png', 'https://upload.wikimedia.org/wikipedia/commons/7/7c/EuroEspa%C3%B1a.svg', 'https://upload.wikimedia.org/wikipedia/commons/b/b9/Flag_of_Australia.svg', 'https://upload.wikimedia.org/wikipedia/commons/9/92/Flag_of_Belgium_%28civil%29.svg', 'https://upload.wikimedia.org/wikipedia/commons/0/05/Flag_of_Brazil.svg', 'https://upload.wikimedia.org/wikipedia/commons/c/cf/Flag_of_Canada.svg', 'https://upload.wikimedia.org/wikipedia/commons/c/c3/Flag_of_France.svg', 'https://upload.wikimedia.org/wikipedia/commons/b/ba/Flag_of_Germany.svg', 'https://upload.wikimedia.org/wikipedia/commons/4/45/Flag_of_Ireland.svg', 'https://upload.wikimedia.org/wikipedia/commons/0/03/Flag_of_Italy.svg', 'https://upload.wikimedia.org/wikipedia/commons/d/da/Flag_of_Luxembourg.svg', 'https://upload.wikimedia.org/wikipedia/commons/f/fc/Flag_of_Mexico.svg', 'https://upload.wikimedia.org/wikipedia/commons/e/ea/Flag_of_Monaco.svg', 'https://upload.wikimedia.org/wikipedia/commons/6/61/Flag_of_Yugoslavia_%281946-1992%29.svg', 'https://upload.wikimedia.org/wikipedia/commons/9/9a/Flag_of_Spain.svg', 'https://upload.wikimedia.org/wikipedia/commons/3/33/Flag_of_Spain_%281945%E2%80%931977%29.svg', 'https://upload.wikimedia.org/wikipedia/commons/3/33/Flag_of_Spain_%281945%E2%80%931977%29.svg', 'https://upload.wikimedia.org/wikipedia/commons/f/f3/Flag_of_Switzerland.svg', 'https://upload.wikimedia.org/wikipedia/commons/6/61/Flag_of_Yugoslavia_%281946-1992%29.svg', 'https://upload.wikimedia.org/wikipedia/commons/2/20/Flag_of_the_Netherlands.svg', 'https://upload.wikimedia.org/wikipedia/commons/a/ae/Flag_of_the_United_Kingdom.svg', 'https://upload.wikimedia.org/wikipedia/commons/a/a4/Flag_of_the_United_States.svg', 'https://upload.wikimedia.org/wikipedia/commons/3/38/Gold_record_icon.svg', 'https://upload.wikimedia.org/wikipedia/commons/3/38/Info_Simple.svg', 'https://upload.wikimedia.org/wikipedia/commons/a/a5/JulioIglesias-p1000035.jpg', 'https://upload.wikimedia.org/wikipedia/commons/e/ef/Julio_Iglesias09.jpg', 'https://upload.wikimedia.org/wikipedia/commons/a/ac/Musical_notes.svg', 'https://upload.wikimedia.org/wikipedia/commons/6/6c/New_disambig.svg', 'https://upload.wikimedia.org/wikipedia/commons/5/5d/Platinum_record_icon.svg', 'https://upload.wikimedia.org/wikipedia/commons/f/fd/Silver_record_icon.svg']"
5052197,0,Elton John,
575041,0,Uhuru Kenyatta,"['https://upload.wikimedia.org/wikipedia/commons/7/73/Blue_pencil.svg', 'https://upload.wikimedia.org/wikipedia/commons/d/da/Coat-of-arms-DETAILED-rgb.png', 'https://upload.wikimedia.org/wikipedia/commons/4/49/Flag_of_Kenya.svg', 'https://upload.wikimedia.org/wikipedia/commons/3/38/Info_Simple.svg', 'https://upload.wikimedia.org/wikipedia/commons/6/6c/New_disambig.svg', 'https://upload.wikimedia.org/wikipedia/commons/5/5b/Society.svg', 'https://upload.wikimedia.org/wikipedia/commons/d/dd/Uhuru_Kenyatta.jpg']"
393754,0,Khalifa bin Salman Al Khalifa,"['https://upload.wikimedia.org/wikipedia/commons/a/a1/2017-fr.wp-orange-source.svg', 'https://upload.wikimedia.org/wikipedia/commons/7/73/Blue_pencil.svg', 'https://upload.wikimedia.org/wikipedia/commons/7/7e/Circle-icons-profile.svg', 'https://upload.wikimedia.org/wikipedia/commons/7/7e/Circle-icons-profile.svg', 'https://upload.wikimedia.org/wikipedia/commons/6/6d/Emblem_of_Bahrain.svg', 'https://upload.wikimedia.org/wikipedia/commons/6/6d/Emblem_of_Bahrain.svg', 'https://upload.wikimedia.org/wikipedia/commons/2/2c/Flag_of_Bahrain.svg', 'https://upload.wikimedia.org/wikipedia/commons/3/38/Info_Simple.svg', 'https://upload.wikimedia.org/wikipedia/commons/2/29/Khalifa_ibn_Salman_Al_Khalifa.jpg', 'https://upload.wikimedia.org/wikipedia/commons/0/02/Nuvola_Bahraini_flag.svg', 'https://upload.wikimedia.org/wikipedia/commons/5/5b/Society.svg']"
2476921,0,Pedro Pablo Kuczynski,"['https://upload.wikimedia.org/wikipedia/commons/7/73/Blue_pencil.svg', 'https://upload.wikimedia.org/wikipedia/commons/c/cc/Escudo_nacional_del_Per%C3%BA.svg', 'https://upload.wikimedia.org/wikipedia/commons/c/cf/Flag_of_Peru.svg', 'https://upload.wikimedia.org/wikipedia/commons/3/38/Info_Simple.svg', 'https://upload.wikimedia.org/wikipedia/commons/6/6c/New_disambig.svg', 'https://upload.wikimedia.org/wikipedia/commons/1/15/Pedro-Pablo-Kuczynski5.jpg', 'https://upload.wikimedia.org/wikipedia/commons/5/51/Pedro_Pablo_Kuczynski_%28cropped_2%29.jpg', 'https://upload.wikimedia.org/wikipedia/commons/7/79/Pedro_Pablo_Kuczynski_2016_%28cropped%29.jpg', 'https://upload.wikimedia.org/wikipedia/commons/e/eb/Pedro_Pablo_Kuczynski_en_Tacna_%282017%29.jpg', 'https://upload.wikimedia.org/wikipedia/commons/a/a7/Pedro_Pablo_Kuczynski_signature.svg', 'https://upload.wikimedia.org/wikipedia/commons/a/aa/Renuncia_de_Pedro_Pablo_Kuczynski.jpg', 'https://upload.wikimedia.org/wikipedia/commons/5/5b/Society.svg']"
1372968,0,Princess Lalla Hasna of Morocco,
33790477,0,Laurent Lamothe,"['https://upload.wikimedia.org/wikipedia/commons/7/75/Coat_of_arms_of_Haiti.svg', 'https://upload.wikimedia.org/wikipedia/commons/5/56/Flag_of_Haiti.svg', 'https://upload.wikimedia.org/wikipedia/commons/3/38/Info_Simple.svg', 'https://upload.wikimedia.org/wikipedia/commons/c/c8/Laurent_Lamothe_2019.jpg', 'https://upload.wikimedia.org/wikipedia/commons/6/6c/New_disambig.svg', 'https://upload.wikimedia.org/wikipedia/commons/5/5a/Secretary_Clinton_Is_Greeted_By_Haitian_Prime_Minister_Lamothe_%288120196265%29.jpg', 'https://upload.wikimedia.org/wikipedia/commons/5/5e/Secretary_Kerry_With_Haitian_Prime_Minister_Lamothe_%2815304616457%29.jpg', 'https://upload.wikimedia.org/wikipedia/commons/5/5b/Society.svg']"
16219873,0,Germán Larrea Mota-Velasco,
38481356,0,Guillermo Lasso,"['https://upload.wikimedia.org/wikipedia/commons/7/7d/2021_Ecuadorian_presidential_election%2C_second_round.png', 'https://upload.wikimedia.org/wikipedia/commons/7/73/Blue_pencil.svg', 'https://upload.wikimedia.org/wikipedia/commons/e/e7/Coat_of_arms_of_Ecuador.svg', 'https://upload.wikimedia.org/wikipedia/commons/e/e8/Flag_of_Ecuador.svg', 'https://upload.wikimedia.org/wikipedia/commons/d/df/Guillermo_Lasso_by_Samurai_Juan.jpg', 'https://upload.wikimedia.org/wikipedia/commons/7/70/Guillermo_Lasso_inauguration_%286%29_%28cropped%29.jpg', 'https://upload.wikimedia.org/wikipedia/commons/8/81/Guillermo_Lasso_perfil_vertical.jpg', 'https://upload.wikimedia.org/wikipedia/commons/3/38/Info_Simple.svg', 'https://upload.wikimedia.org/wikipedia/commons/5/5b/Society.svg', 'https://upload.wikimedia.org/wikipedia/commons/0/0f/South_America_%28orthographic_projection%29.svg']"
1128582,0,Lee Soo-man,"['https://upload.wikimedia.org/wikipedia/commons/7/73/Blue_pencil.svg', 'https://upload.wikimedia.org/wikipedia/commons/f/f7/Defaut_2.svg', 'https://upload.wikimedia.org/wikipedia/commons/0/09/Flag_of_South_Korea.svg', 'https://upload.wikimedia.org/wikipedia/commons/3/38/Info_Simple.svg', 'https://upload.wikimedia.org/wikipedia/commons/a/ac/Musical_notes.svg']"
1588875,0,Leung Chun-ying,"['https://upload.wikimedia.org/wikipedia/commons/7/73/Blue_pencil.svg', 'https://upload.wikimedia.org/wikipedia/commons/7/7e/Circle-icons-profile.svg', 'https://upload.wikimedia.org/wikipedia/commons/7/7e/Circle-icons-profile.svg', 'https://upload.wikimedia.org/wikipedia/commons/5/5b/Flag_of_Hong_Kong.svg', 'https://upload.wikimedia.org/wikipedia/commons/9/90/Regional_Emblem_of_Hong_Kong.svg', 'https://upload.wikimedia.org/wikipedia/commons/3/38/Info_Simple.svg', 'https://upload.wikimedia.org/wikipedia/commons/8/83/Leung_Chun-ying_2017_3.jpg', 'https://upload.wikimedia.org/wikipedia/commons/e/e5/Nuvola_Chinese_flag.svg', 'https://upload.wikimedia.org/wikipedia/commons/6/62/Nuvola_Hong_Kong_flag.svg', 'https://upload.wikimedia.org/wikipedia/commons/9/90/Regional_Emblem_of_Hong_Kong.svg', 'https://upload.wikimedia.org/wikipedia/commons/5/5b/Society.svg']"
1362558,0,Porfirio Lobo Sosa,"['https://upload.wikimedia.org/wikipedia/commons/8/81/Coat_of_arms_of_Honduras.svg', 'https://upload.wikimedia.org/wikipedia/commons/3/38/Info_Simple.svg', 'https://upload.wikimedia.org/wikipedia/commons/d/d9/Pepe_Lobo_2010-01-27.jpg', 'https://upload.wikimedia.org/wikipedia/commons/c/c9/Portal.svg', 'https://upload.wikimedia.org/wikipedia/commons/5/5b/Society.svg']"
54382238,0,Sylvain Maillard,"['https://upload.wikimedia.org/wikipedia/commons/c/ca/Blason_paris_75.svg', 'https://upload.wikimedia.org/wikipedia/commons/7/73/Blue_pencil.svg', 'https://upload.wikimedia.org/wikipedia/commons/7/75/H%C3%A9micycle_2_Palais_Bourbon_scropped_and_smaller.jpg', 'https://upload.wikimedia.org/wikipedia/commons/3/38/Info_Simple.svg', 'https://upload.wikimedia.org/wikipedia/commons/6/6c/New_disambig.svg', 'https://upload.wikimedia.org/wikipedia/commons/9/98/Portrait_Wikipedia_Sylvain_Maillard.jpg']"
521165,0,Mohammed bin Rashid Al Maktoum,"['https://upload.wikimedia.org/wikipedia/commons/7/73/Blue_pencil.svg', 'https://upload.wikimedia.org/wikipedia/commons/f/f9/Coat_of_arms_of_Dubai.svg', 'https://upload.wikimedia.org/wikipedia/commons/8/89/ESP_Charles_III_Order_GC.svg', 'https://upload.wikimedia.org/wikipedia/commons/e/eb/Emblem_of_the_United_Arab_Emirates.svg', 'https://upload.wikimedia.org/wikipedia/commons/0/07/Flag_of_Dubai.svg', 'https://upload.wikimedia.org/wikipedia/commons/c/cb/Flag_of_the_United_Arab_Emirates.svg', 'https://upload.wikimedia.org/wikipedia/commons/3/3b/French_heraldic_crowns_-_King.svg', 'https://upload.wikimedia.org/wikipedia/commons/3/38/Info_Simple.svg', 'https://upload.wikimedia.org/wikipedia/commons/3/35/Logo-Monde-%C3%A9questre.svg', 'https://upload.wikimedia.org/wikipedia/commons/0/05/Mohamedu_bin_Ra%C5%A1idu_Almakt%C5%ABmu.jpg', 'https://upload.wikimedia.org/wikipedia/commons/b/b3/Order_BritEmp_%28civil%29_rib.PNG', 'https://upload.wikimedia.org/wikipedia/commons/5/5b/Society.svg', 'https://upload.wikimedia.org/wikipedia/commons/5/53/Spange_des_K%C3%B6nig-Abdulaziz-Ordens.png', 'https://upload.wikimedia.org/wikipedia/commons/7/78/Tangopub.svg', 'https://upload.wikimedia.org/wikipedia/commons/0/03/UK_Order_St-Michael_St-George_ribbon.svg', 'https://upload.wikimedia.org/wikipedia/commons/7/75/Wisam_al-Khalifa_1st_class.gif']"
42795837,0,Siniša Mali,"['https://upload.wikimedia.org/wikipedia/commons/b/bc/Beograd_-_Gradjevinski_fakultet.jpg', 'https://upload.wikimedia.org/wikipedia/commons/7/73/Blue_pencil.svg', 'https://upload.wikimedia.org/wikipedia/commons/a/ad/Dr%C5%BEavna_hemijska_laboratorija_-_4.JPG', 'https://upload.wikimedia.org/wikipedia/commons/c/cb/FFH_Slika.jpg', 'https://upload.wikimedia.org/wikipedia/commons/9/9c/FVM_UUB.JPG', 'https://upload.wikimedia.org/wikipedia/commons/f/ff/Faculty_of_Mining_and_Geology_Belgrade.JPG', 'https://upload.wikimedia.org/wikipedia/commons/1/14/Fakultet_Organizacionih_Nauka1%28Beograd%29.JPG', 'https://upload.wikimedia.org/wikipedia/commons/a/a6/Fakultet_elektrotehnicki_u_beogradu_ulaz.jpg', 'https://upload.wikimedia.org/wikipedia/commons/7/70/Filoloski_Trg.jpg', 'https://upload.wikimedia.org/wikipedia/commons/2/24/Flag_of_Belgrade%2C_Serbia.svg', 'https://upload.wikimedia.org/wikipedia/commons/f/ff/Flag_of_Serbia.svg', 'https://upload.wikimedia.org/wikipedia/commons/a/aa/Icons8_flat_graduation_cap.svg', 'https://upload.wikimedia.org/wikipedia/commons/3/38/Info_Simple.svg', 'https://upload.wikimedia.org/wikipedia/commons/b/b7/Institut_Nikola_Tesla.jpg', 'https://upload.wikimedia.org/wikipedia/commons/4/4c/Poljoprivredni_fakultet_1.JPG', 'https://upload.wikimedia.org/wikipedia/commons/4/4f/Pravni_fakultet_u_Beogradu.jpg', 'https://upload.wikimedia.org/wikipedia/commons/0/0c/Red_pog.svg', 'https://upload.wikimedia.org/wikipedia/commons/2/2b/Rektorat_Beogradskog_univerziteta.jpg', 'https://upload.wikimedia.org/wikipedia/commons/3/3a/Serbia%2C_Belgrade%2C_Faculty_of_Stomatology%2C_25.04.2011.jpg', 'https://upload.wikimedia.org/wikipedia/commons/8/82/Serbia_adm_location_map.svg', 'https://upload.wikimedia.org/wikipedia/commons/0/03/Tehnoloski.jpg', 'https://upload.wikimedia.org/wikipedia/commons/1/11/Univerzitetska_biblioteka_Svetozar_Markovi%C4%87.JPG', 'https://upload.wikimedia.org/wikipedia/commons/b/b0/UuB_Medicine_Faculty_01.jpg', 'https://upload.wikimedia.org/wikipedia/commons/d/da/UuB_Philosophy_01.jpg', 'https://upload.wikimedia.org/wikipedia/commons/d/dd/%D0%97%D0%B3%D1%80%D0%B0%D0%B4%D0%B0_%D0%A4%D0%B0%D0%BA%D1%83%D0%BB%D1%82%D0%B5%D1%82%D0%B0_%D0%BF%D0%BE%D0%BB%D0%B8%D1%82%D0%B8%D1%87%D0%BA%D0%B8%D1%85_%D0%BD%D0%B0%D1%83%D0%BA%D0%B0.jpg', 'https://upload.wikimedia.org/wikipedia/commons/5/5d/%D0%A1%D0%B0%D0%BE%D0%B1%D1%80%D0%B0%D1%9B%D0%B0%D1%98%D0%BD%D0%B8_%D1%84%D0%B0%D0%BA%D1%83%D0%BB%D1%82%D0%B5%D1%82_%D0%A3%D0%BD%D0%B8%D0%B2%D0%B5%D1%80%D0%B7%D0%B8%D1%82%D0%B5%D1%82%D0%B0_%D1%83_%D0%91%D0%B5%D0%BE%D0%B3%D1%80%D0%B0%D0%B4%D1%83.jpg', 'https://upload.wikimedia.org/wikipedia/commons/a/ad/%D0%A1%D1%82%D1%83%D0%B4%D0%B5%D0%BD%D1%82%D1%81%D0%BA%D0%B8_%D1%82%D1%80%D0%B32.JPG', 'https://upload.wikimedia.org/wikipedia/fr/e/ef/Universit%C3%A9_de_Belgrade_%28logo%29.svg']"
628056,0,Ricardo Martinelli,"['https://upload.wikimedia.org/wikipedia/commons/4/4d/Circle-icons-briefcase.svg', 'https://upload.wikimedia.org/wikipedia/commons/7/7e/Circle-icons-profile.svg', 'https://upload.wikimedia.org/wikipedia/commons/7/7e/Circle-icons-profile.svg', 'https://upload.wikimedia.org/wikipedia/commons/c/cb/Escudo_armas_Panama.png', 'https://upload.wikimedia.org/wikipedia/commons/a/ab/Flag_of_Panama.svg', 'https://upload.wikimedia.org/wikipedia/commons/1/15/Hannover_Gehry-Tower.jpg', 'https://upload.wikimedia.org/wikipedia/commons/3/38/Info_Simple.svg', 'https://upload.wikimedia.org/wikipedia/commons/6/6c/New_disambig.svg', 'https://upload.wikimedia.org/wikipedia/commons/9/94/Nuvola_Panaman_flag.svg', 'https://upload.wikimedia.org/wikipedia/commons/4/48/Ricardo_Martinelli.PNG', 'https://upload.wikimedia.org/wikipedia/commons/5/5b/Society.svg']"
44807420,0,Mohsen Marzouk,"['https://upload.wikimedia.org/wikipedia/commons/7/7e/Circle-icons-profile.svg', 'https://upload.wikimedia.org/wikipedia/commons/7/7e/Circle-icons-profile.svg', 'https://upload.wikimedia.org/wikipedia/commons/6/6f/Confusion_colour.svg', 'https://upload.wikimedia.org/wikipedia/commons/c/ce/Flag_of_Tunisia.svg', 'https://upload.wikimedia.org/wikipedia/commons/3/38/Info_Simple.svg', 'https://upload.wikimedia.org/wikipedia/commons/c/cc/Mohsen_Marzouk.jpg', 'https://upload.wikimedia.org/wikipedia/commons/a/aa/Nuvola_Tunisian_flag.svg', 'https://upload.wikimedia.org/wikipedia/commons/0/0a/Secretary_Kerry_Signs_MOU_With_Tunisian_Minister_for_Political_Affairs_Marzouk_%2817283596203%29.jpg', 'https://upload.wikimedia.org/wikipedia/commons/5/5b/Society.svg']"
35658381,0,Zulema María Eva Menem,
30865772,0,Najib Mikati,"['https://upload.wikimedia.org/wikipedia/commons/9/98/Coat_of_arms_of_Lebanon.svg', 'https://upload.wikimedia.org/wikipedia/commons/9/98/Coat_of_arms_of_Lebanon.svg', 'https://upload.wikimedia.org/wikipedia/commons/5/59/Flag_of_Lebanon.svg', 'https://upload.wikimedia.org/wikipedia/commons/3/38/Info_Simple.svg', 'https://upload.wikimedia.org/wikipedia/commons/2/23/Miktai.jpg', 'https://upload.wikimedia.org/wikipedia/commons/0/03/Najib_Mikati_World_Economic_Forum_2013.jpg', 'https://upload.wikimedia.org/wikipedia/commons/6/6e/Najib_Mikati_portrait.jpg', 'https://upload.wikimedia.org/wikipedia/commons/5/5b/Society.svg']"
51543469,0,Nirav Modi,
11936239,0,Carlos Morales Troncoso,"['https://upload.wikimedia.org/wikipedia/commons/7/73/Blue_pencil.svg', 'https://upload.wikimedia.org/wikipedia/commons/4/4d/Carlos_Morales_Troncoso_minister.jpg', 'https://upload.wikimedia.org/wikipedia/commons/7/7e/Circle-icons-profile.svg', 'https://upload.wikimedia.org/wikipedia/commons/7/7e/Circle-icons-profile.svg', 'https://upload.wikimedia.org/wikipedia/commons/9/9f/Flag_of_the_Dominican_Republic.svg', 'https://upload.wikimedia.org/wikipedia/commons/3/38/Info_Simple.svg', 'https://upload.wikimedia.org/wikipedia/commons/6/6c/New_disambig.svg', 'https://upload.wikimedia.org/wikipedia/commons/f/f6/Nuvola_Dominican_flag.svg', 'https://upload.wikimedia.org/wikipedia/commons/5/5b/Society.svg']"
57537746,0,Yamani Hafez Musa,
158608,0,Denis Sassou Nguesso,"['https://upload.wikimedia.org/wikipedia/commons/a/a1/2017-fr.wp-orange-source.svg', 'https://upload.wikimedia.org/wikipedia/commons/1/15/BEN_National_Order_of_Dahomey_-_Grand_Cross_BAR.png', 'https://upload.wikimedia.org/wikipedia/commons/7/73/Blue_pencil.svg', 'https://upload.wikimedia.org/wikipedia/commons/5/53/Coat_of_arms_of_the_People%27s_Republic_of_the_Congo.svg', 'https://upload.wikimedia.org/wikipedia/commons/d/d8/Coat_of_arms_of_the_Republic_of_the_Congo.svg', 'https://upload.wikimedia.org/wikipedia/commons/b/bb/Denis_Sassou_Nguesso_2014.png', 'https://upload.wikimedia.org/wikipedia/commons/5/51/Flag_of_the_African_Union.svg', 'https://upload.wikimedia.org/wikipedia/commons/9/92/Flag_of_the_Republic_of_the_Congo.svg', 'https://upload.wikimedia.org/wikipedia/commons/1/15/Hannover_Gehry-Tower.jpg', 'https://upload.wikimedia.org/wikipedia/commons/3/38/Info_Simple.svg', 'https://upload.wikimedia.org/wikipedia/commons/d/db/Ordre_international_des_Palmes_acad%C3%A9miques_du_CAMES.png', 'https://upload.wikimedia.org/wikipedia/commons/3/34/Red_star.svg', 'https://upload.wikimedia.org/wikipedia/commons/e/e8/Sassou_Nguesso%2C_Bush_-_20060605.jpg', 'https://upload.wikimedia.org/wikipedia/commons/1/19/State_Coat_of_Arms_of_Belgium.svg', 'https://upload.wikimedia.org/wikipedia/commons/8/89/TGO_Order_of_Mono_-_Grand_Cross_BAR.png', 'https://upload.wikimedia.org/wikipedia/fr/c/ca/Embl%C3%A8me_de_l%27Union_africaine.svg']"
4474666,0,Peter Obi,"['https://upload.wikimedia.org/wikipedia/commons/7/73/Blue_pencil.svg', 'https://upload.wikimedia.org/wikipedia/commons/f/f7/Defaut_2.svg', 'https://upload.wikimedia.org/wikipedia/commons/7/79/Flag_of_Nigeria.svg', 'https://upload.wikimedia.org/wikipedia/commons/3/38/Info_Simple.svg', 'https://upload.wikimedia.org/wikipedia/commons/5/5b/Society.svg']"
68905297,0,List of Pakistanis named in the Pandora Papers,
44494216,0,Luhut Binsar Pandjaitan,"['https://upload.wikimedia.org/wikipedia/commons/9/9f/Flag_of_Indonesia.svg', 'https://upload.wikimedia.org/wikipedia/commons/3/38/Info_Simple.svg', 'https://upload.wikimedia.org/wikipedia/commons/5/57/Luhut_Binsar_Panjaitan.jpg', 'https://upload.wikimedia.org/wikipedia/commons/5/5b/Society.svg']"
508869,0,Andrés Pastrana Arango,"['https://upload.wikimedia.org/wikipedia/commons/8/8c/Andrespastranaarango.png', 'https://upload.wikimedia.org/wikipedia/commons/1/1f/Andr%C3%A9s_Pastrana_Signature.svg', 'https://upload.wikimedia.org/wikipedia/commons/7/73/Blue_pencil.svg', 'https://upload.wikimedia.org/wikipedia/commons/1/11/Bon_article.svg', 'https://upload.wikimedia.org/wikipedia/commons/2/21/Flag_of_Colombia.svg', 'https://upload.wikimedia.org/wikipedia/commons/5/5b/Flag_of_New_Granada.svg', 'https://upload.wikimedia.org/wikipedia/commons/9/95/Flag_of_New_Granada_%281811-1814%29.svg', 'https://upload.wikimedia.org/wikipedia/commons/9/97/Flag_of_the_Gran_Colombia.svg', 'https://upload.wikimedia.org/wikipedia/commons/3/38/Info_Simple.svg', 'https://upload.wikimedia.org/wikipedia/commons/e/e8/Presidential_Seal_of_Colombia.svg']"
1861206,0,Ernesto Pérez Balladares,"['https://upload.wikimedia.org/wikipedia/commons/7/7e/Circle-icons-profile.svg', 'https://upload.wikimedia.org/wikipedia/commons/7/7e/Circle-icons-profile.svg', 'https://upload.wikimedia.org/wikipedia/commons/c/cb/Escudo_armas_Panama.png', 'https://upload.wikimedia.org/wikipedia/commons/a/ab/Flag_of_Panama.svg', 'https://upload.wikimedia.org/wikipedia/commons/1/15/Hannover_Gehry-Tower.jpg', 'https://upload.wikimedia.org/wikipedia/commons/3/38/Info_Simple.svg', 'https://upload.wikimedia.org/wikipedia/commons/3/3e/Mr._Ernesto_Perez_Balladares.jpg', 'https://upload.wikimedia.org/wikipedia/commons/6/6c/New_disambig.svg', 'https://upload.wikimedia.org/wikipedia/commons/9/94/Nuvola_Panaman_flag.svg', 'https://upload.wikimedia.org/wikipedia/commons/5/5b/Society.svg']"
20491896,0,Nicolas Perruchot,"['https://upload.wikimedia.org/wikipedia/commons/7/78/Blason_d%C3%A9partement_fr_Loir-et-Cher.svg', 'https://upload.wikimedia.org/wikipedia/commons/7/73/Blue_pencil.svg', 'https://upload.wikimedia.org/wikipedia/commons/2/2f/Cross-lorraine-blue.png', 'https://upload.wikimedia.org/wikipedia/commons/7/75/H%C3%A9micycle_2_Palais_Bourbon_scropped_and_smaller.jpg', 'https://upload.wikimedia.org/wikipedia/commons/3/38/Info_Simple.svg', 'https://upload.wikimedia.org/wikipedia/commons/6/6c/New_disambig.svg', 'https://upload.wikimedia.org/wikipedia/commons/1/15/Portrait_de_Nicolas_Perruchot_pris_en_mai_2014.JPG']"
1889736,0,Sebastián Piñera,"['https://upload.wikimedia.org/wikipedia/commons/c/c6/Aprobacion_Sebastian_Pi%C3%B1era.png', 'https://upload.wikimedia.org/wikipedia/commons/8/8d/Barack_Obama_en_Chile.jpg', 'https://upload.wikimedia.org/wikipedia/commons/7/73/Blue_pencil.svg', 'https://upload.wikimedia.org/wikipedia/commons/5/5b/Coat_of_arms_of_Chile.svg', 'https://upload.wikimedia.org/wikipedia/commons/f/f3/Emblem-money.svg', 'https://upload.wikimedia.org/wikipedia/commons/4/48/Firma_Sebasti%C3%A1n_Pi%C3%B1era.png', 'https://upload.wikimedia.org/wikipedia/commons/7/78/Flag_of_Chile.svg', 'https://upload.wikimedia.org/wikipedia/commons/7/7a/Fotograf%C3%ADa_oficial_del_Presidente_Sebasti%C3%A1n_Pi%C3%B1era_-_2.jpg', 'https://upload.wikimedia.org/wikipedia/commons/1/1d/Gabinetejulio2020-srq7628.jpg', 'https://upload.wikimedia.org/wikipedia/commons/9/9c/Http_22-02-2012_Primera_Dama_en_Sn_Clemente.jpg', 'https://upload.wikimedia.org/wikipedia/commons/3/38/Info_Simple.svg', 'https://upload.wikimedia.org/wikipedia/commons/6/65/Lock-green.svg', 'https://upload.wikimedia.org/wikipedia/commons/7/78/Mensaje_presidencial_y_saludo_desde_La_Moneda_4.jpg', 'https://upload.wikimedia.org/wikipedia/commons/6/6c/New_disambig.svg', 'https://upload.wikimedia.org/wikipedia/commons/4/48/Presidenta_Bachelet_y_Presidente-electo_Pi%C3%B1era.jpg', 'https://upload.wikimedia.org/wikipedia/commons/9/9d/Retrato_Oficial_Presidente_Pi%C3%B1era_2018_%28cropped%29.jpg', 'https://upload.wikimedia.org/wikipedia/commons/e/ed/Sebastian_Pi%C3%B1era.jpg', 'https://upload.wikimedia.org/wikipedia/commons/5/5b/Society.svg', 'https://upload.wikimedia.org/wikipedia/commons/0/0f/South_America_%28orthographic_projection%29.svg']"
23580714,0,Nirupama Rajapaksa,
14625951,0,Marta Lucía Ramírez,"['https://upload.wikimedia.org/wikipedia/commons/7/73/Blue_pencil.svg', 'https://upload.wikimedia.org/wikipedia/commons/2/21/Flag_of_Colombia.svg', 'https://upload.wikimedia.org/wikipedia/commons/3/38/Info_Simple.svg', 'https://upload.wikimedia.org/wikipedia/commons/4/40/Marta_Luc%C3%ADa_Ram%C3%ADrez.jpg', 'https://upload.wikimedia.org/wikipedia/commons/e/e8/Presidential_Seal_of_Colombia.svg', 'https://upload.wikimedia.org/wikipedia/commons/5/5b/Society.svg', 'https://upload.wikimedia.org/wikipedia/commons/5/5e/Vicepresidencia_de_Colombia.svg']"
3125601,0,Haim Ramon,"['https://upload.wikimedia.org/wikipedia/commons/7/73/Blue_pencil.svg', 'https://upload.wikimedia.org/wikipedia/commons/7/7e/Circle-icons-profile.svg', 'https://upload.wikimedia.org/wikipedia/commons/7/7e/Circle-icons-profile.svg', 'https://upload.wikimedia.org/wikipedia/commons/1/17/Co-op_activism3.svg', 'https://upload.wikimedia.org/wikipedia/commons/d/d4/Flag_of_Israel.svg', 'https://upload.wikimedia.org/wikipedia/commons/1/1e/Haim_Ramon_-_Kadima.jpg', 'https://upload.wikimedia.org/wikipedia/commons/3/38/Info_Simple.svg', 'https://upload.wikimedia.org/wikipedia/commons/6/6a/Nuvola_Israeli_flag.svg', 'https://upload.wikimedia.org/wikipedia/commons/5/5b/Society.svg']"
37022142,0,Enrique K. Razon,
25042928,0,Alejandro Santo Domingo,
8665754,0,Luis Carlos Sarmiento,"['https://upload.wikimedia.org/wikipedia/commons/7/7e/Circle-icons-profile.svg', 'https://upload.wikimedia.org/wikipedia/commons/7/7e/Circle-icons-profile.svg', 'https://upload.wikimedia.org/wikipedia/commons/2/21/Flag_of_Colombia.svg', 'https://upload.wikimedia.org/wikipedia/commons/3/38/Info_Simple.svg', 'https://upload.wikimedia.org/wikipedia/commons/2/20/LuisCarlosGalan_RodrigoLaraBonilla_NancyRestrepodeLara.jpg', 'https://upload.wikimedia.org/wikipedia/commons/1/1e/Ministerio_de_Educaci%C3%B3n_de_Colombia.svg', 'https://upload.wikimedia.org/wikipedia/commons/6/6c/New_disambig.svg', 'https://upload.wikimedia.org/wikipedia/commons/5/5b/Society.svg']"
38636043,0,Corinna zu Sayn-Wittgenstein-Sayn,"['https://upload.wikimedia.org/wikipedia/commons/7/73/Blue_pencil.svg', 'https://upload.wikimedia.org/wikipedia/commons/f/f7/Defaut_2.svg', 'https://upload.wikimedia.org/wikipedia/commons/f/f3/Emblem-money.svg', 'https://upload.wikimedia.org/wikipedia/commons/b/ba/Flag_of_Germany.svg', 'https://upload.wikimedia.org/wikipedia/commons/3/38/Info_Simple.svg', 'https://upload.wikimedia.org/wikipedia/commons/6/6c/New_disambig.svg']"
88048,0,Claudia Schiffer,"['https://upload.wikimedia.org/wikipedia/commons/7/73/Blue_pencil.svg', 'https://upload.wikimedia.org/wikipedia/commons/0/0e/Claudia_Schiffer_2009.jpg', 'https://upload.wikimedia.org/wikipedia/commons/a/af/Claudia_Schiffer_C%C3%A9sars_1993.jpg', 'https://upload.wikimedia.org/wikipedia/commons/f/fd/Flag_of_North_Rhine-Westphalia_%28state%29.svg', 'https://upload.wikimedia.org/wikipedia/commons/3/3e/Germany_film_clapperboard.svg', 'https://upload.wikimedia.org/wikipedia/commons/3/38/Info_Simple.svg', 'https://upload.wikimedia.org/wikipedia/commons/0/0f/Karlie_in_Peach_-_Paris_Haute_Couture_Spring-Summer_2012.jpg', 'https://upload.wikimedia.org/wikipedia/commons/6/6c/New_disambig.svg', 'https://upload.wikimedia.org/wikipedia/commons/a/ac/Signature_of_Claudia_Schiffer.png']"
6479315,0,Shakira,"['https://upload.wikimedia.org/wikipedia/commons/a/a1/2017-fr.wp-orange-source.svg', 'https://upload.wikimedia.org/wikipedia/commons/d/d0/Cerejeira_pg.jpg', 'https://upload.wikimedia.org/wikipedia/commons/9/9b/Cerisiers_en_fleur_du_Parc_de_Sceaux.JPG', 'https://upload.wikimedia.org/wikipedia/commons/5/59/Cherry_blossoms._Eastern_Siberia.jpg', 'https://upload.wikimedia.org/wikipedia/commons/9/9e/Flag_of_Japan.svg', 'https://upload.wikimedia.org/wikipedia/commons/8/8b/Icone_botanique01.png', 'https://upload.wikimedia.org/wikipedia/commons/3/38/Info_Simple.svg', 'https://upload.wikimedia.org/wikipedia/commons/6/6c/New_disambig.svg', 'https://upload.wikimedia.org/wikipedia/commons/e/e1/Prunus_serrulata_2005_spring_025.jpg', 'https://upload.wikimedia.org/wikipedia/commons/9/93/SakuraHealed.png', 'https://upload.wikimedia.org/wikipedia/commons/e/ed/Sakura_Sakura.song.ogg', 'https://upload.wikimedia.org/wikipedia/commons/c/c1/Someiyoshino.JPG', 'https://upload.wikimedia.org/wikipedia/commons/5/56/Washington_C_D.C._Tidal_Basin_cherry_trees.jpg', 'https://upload.wikimedia.org/wikipedia/commons/d/d8/Yoshitsune_with_benkei.jpg']"
7188868,0,Satish Sharma,"['https://upload.wikimedia.org/wikipedia/commons/7/73/Blue_pencil.svg', 'https://upload.wikimedia.org/wikipedia/commons/a/a6/India_film_clapperboard_%28variant%29.svg', 'https://upload.wikimedia.org/wikipedia/commons/3/38/Info_Simple.svg', 'https://upload.wikimedia.org/wikipedia/commons/6/6c/New_disambig.svg', 'https://upload.wikimedia.org/wikipedia/commons/d/df/Satish_Kaushik_on_the_sets_of_Mr._Kabaadi.jpg']"
48135556,0,Robert F. Smith (investor),
1409754,0,Masayoshi Son,"['https://upload.wikimedia.org/wikipedia/commons/a/a1/2017-fr.wp-orange-source.svg', 'https://upload.wikimedia.org/wikipedia/commons/7/73/Blue_pencil.svg', 'https://upload.wikimedia.org/wikipedia/commons/8/83/Circle-icons-phone.svg', 'https://upload.wikimedia.org/wikipedia/commons/9/9e/Flag_of_Japan.svg', 'https://upload.wikimedia.org/wikipedia/commons/3/38/Info_Simple.svg', 'https://upload.wikimedia.org/wikipedia/commons/a/a8/Masayoshi_Son_%28%E5%AD%AB%E6%AD%A3%E7%BE%A9%29_on_July_11%2C_2008.jpg']"
25832,0,Ringo Starr,
32298369,0,Beny Steinmetz,"['https://upload.wikimedia.org/wikipedia/commons/5/5f/Beny-Steinmetz.jpg', 'https://upload.wikimedia.org/wikipedia/commons/7/73/Blue_pencil.svg', 'https://upload.wikimedia.org/wikipedia/commons/a/a2/Factory.svg', 'https://upload.wikimedia.org/wikipedia/commons/d/d4/Flag_of_Israel.svg', 'https://upload.wikimedia.org/wikipedia/commons/3/38/Info_Simple.svg', 'https://upload.wikimedia.org/wikipedia/commons/6/6c/New_disambig.svg']"
247469,0,Elvis Stojko,"['https://upload.wikimedia.org/wikipedia/commons/7/73/Blue_pencil.svg', 'https://upload.wikimedia.org/wikipedia/commons/2/20/ElvisStojko2002.jpg', 'https://upload.wikimedia.org/wikipedia/commons/b/b1/Figure_skating_pictogram.svg', 'https://upload.wikimedia.org/wikipedia/commons/c/cf/Flag_of_Canada.svg', 'https://upload.wikimedia.org/wikipedia/commons/3/38/Info_Simple.svg', 'https://upload.wikimedia.org/wikipedia/commons/a/a7/Olympic_flag.svg']"
1669496,0,Dominique Strauss-Kahn,"['https://upload.wikimedia.org/wikipedia/commons/a/a1/2017-fr.wp-orange-source.svg', 'https://upload.wikimedia.org/wikipedia/commons/c/c7/Blason_ville_fr_Sarcelles_%28Val-d%27Oise%29.svg', 'https://upload.wikimedia.org/wikipedia/commons/7/73/Blue_pencil.svg', 'https://upload.wikimedia.org/wikipedia/commons/9/94/Bras%C3%ADlia_-_DF_%285777367767%29.jpg', 'https://upload.wikimedia.org/wikipedia/commons/6/65/Dominique_Strauss-Kahn_-_Strauss-Kahn_meeting_in_Toulouse_for_the_2007_French_presidential_election_0032_2007-04-13.jpg', 'https://upload.wikimedia.org/wikipedia/commons/1/11/Dominique_Strauss-Kahn_media_circus.jpg', 'https://upload.wikimedia.org/wikipedia/commons/f/fb/Dominique_Strauss-Kahn_signature.svg', 'https://upload.wikimedia.org/wikipedia/commons/e/e3/Edith_Cresson2.png', 'https://upload.wikimedia.org/wikipedia/commons/f/f3/Emblem-money.svg', 'https://upload.wikimedia.org/wikipedia/commons/9/92/Flag_of_Belgium_%28civil%29.svg', 'https://upload.wikimedia.org/wikipedia/commons/f/f3/Flag_of_Switzerland.svg', 'https://upload.wikimedia.org/wikipedia/commons/7/75/H%C3%A9micycle_2_Palais_Bourbon_scropped_and_smaller.jpg', 'https://upload.wikimedia.org/wikipedia/commons/3/38/Info_Simple.svg', 'https://upload.wikimedia.org/wikipedia/commons/3/3f/Logo_informations.svg', 'https://upload.wikimedia.org/wikipedia/commons/1/17/MapL.png', 'https://upload.wikimedia.org/wikipedia/commons/c/ce/Meeting_Royal_2007_02_06_n1.jpg', 'https://upload.wikimedia.org/wikipedia/commons/d/da/Move-protection-shackle-frwiki.svg', 'https://upload.wikimedia.org/wikipedia/commons/6/6c/New_disambig.svg', 'https://upload.wikimedia.org/wikipedia/commons/a/a9/Pierre_Beregovoy.jpg', 'https://upload.wikimedia.org/wikipedia/commons/4/4e/Protest_Against_DSK_at_the_Cambridge_Union_Society_%286820219328%29.jpg', 'https://upload.wikimedia.org/wikipedia/commons/2/29/Salon_du_livre_1991-41-cliche_Lionel_Jospin.jpg', 'https://upload.wikimedia.org/wikipedia/commons/0/07/Socialist_rally_Zenith_2007_05_29_n4.jpg', 'https://upload.wikimedia.org/wikipedia/commons/3/39/Sofitel_New_York1.jpg', 'https://upload.wikimedia.org/wikipedia/commons/0/00/Strauss-Kahn%2C_Dominique_%28official_portrait_2008%29.jpg', 'https://upload.wikimedia.org/wikipedia/commons/a/a5/Strauss-Kahn%2C_Trichet%2C_Draghi_%28IMF_2009%29.jpg', 'https://upload.wikimedia.org/wikipedia/commons/8/89/Strauss-Kahn_cropped.jpg', 'https://upload.wikimedia.org/wikipedia/commons/a/ab/V_Reuni%C3%B3n_Anual_de_la_Clinton_Global_Initiative.jpg', 'https://upload.wikimedia.org/wikipedia/commons/0/0f/%CE%A3%CF%85%CE%BD%CE%AC%CE%BD%CF%84%CE%B7%CF%83%CE%B7_%CE%BC%CE%B5_%CF%84%CE%BF%CE%BD_%CE%94%CE%B9%CE%B5%CF%85%CE%B8%CF%8D%CE%BD%CE%BF%CE%BD%CF%84%CE%B1_%CE%A3%CF%8D%CE%BC%CE%B2%CE%BF%CF%85%CE%BB%CE%BF_%CF%84%CE%BF%CF%85_%CE%94%CE%9D%CE%A4-IMF%2C_Dominique_Strauss-Kahn_%284989789260%29.jpg', 'https://upload.wikimedia.org/wikipedia/fr/b/b4/Fonds_mon%C3%A9taire_international_logo.svg']"
8962895,0,Swedish House Mafia,"['https://upload.wikimedia.org/wikipedia/commons/c/c1/Blue_iPod_Nano.jpg', 'https://upload.wikimedia.org/wikipedia/commons/7/73/Blue_pencil.svg', 'https://upload.wikimedia.org/wikipedia/commons/8/8e/DJ_Axwell_-_Melbourn_Central_2007_%28cropped%29.jpg', 'https://upload.wikimedia.org/wikipedia/commons/2/27/Dots_Glitch.gif', 'https://upload.wikimedia.org/wikipedia/commons/4/4c/Flag_of_Sweden.svg', 'https://upload.wikimedia.org/wikipedia/commons/8/83/Fxemoji_u1F398.svg', 'https://upload.wikimedia.org/wikipedia/commons/3/38/Info_Simple.svg', 'https://upload.wikimedia.org/wikipedia/commons/0/08/Nokia_Lumia_1020_Front.svg', 'https://upload.wikimedia.org/wikipedia/commons/6/6a/Sebastian_Ingrosso_playing_live_at_Ushuaia_Ibiza.jpeg', 'https://upload.wikimedia.org/wikipedia/commons/3/3d/Shm-logo_1.png', 'https://upload.wikimedia.org/wikipedia/commons/1/11/Steve_Angello_2015.jpg', 'https://upload.wikimedia.org/wikipedia/commons/7/74/Swedish_House_Mafia_2012-06-16_001.jpg', 'https://upload.wikimedia.org/wikipedia/commons/f/f8/Swedish_House_Mafia_Logo_2018.svg', 'https://upload.wikimedia.org/wikipedia/commons/c/c6/Swedish_House_Mafia_on_Platform_During_ULTRA_Miami_2018.jpg', 'https://upload.wikimedia.org/wikipedia/commons/3/32/Swedish_House_Mafia_playing_at_Cafe_Mambo_in_Ibiza.jpg', 'https://upload.wikimedia.org/wikipedia/commons/d/da/Swedish_House_Mafia_p%C3%A5_Grammisgalan_2013.jpg']"
34118228,0,Teresita Sy-Coson,
1669304,0,Henry Sy,"['https://upload.wikimedia.org/wikipedia/commons/7/73/Blue_pencil.svg', 'https://upload.wikimedia.org/wikipedia/commons/a/aa/Circle-icons-megaphone2.svg', 'https://upload.wikimedia.org/wikipedia/commons/7/7e/Circle-icons-profile.svg', 'https://upload.wikimedia.org/wikipedia/commons/7/7e/Circle-icons-profile.svg', 'https://upload.wikimedia.org/wikipedia/commons/b/ba/Flag_of_New_York_City.svg', 'https://upload.wikimedia.org/wikipedia/commons/a/a4/Flag_of_the_United_States.svg', 'https://upload.wikimedia.org/wikipedia/commons/d/d2/HenryWinklerAug08.jpg', 'https://upload.wikimedia.org/wikipedia/commons/3/38/Info_Simple.svg', 'https://upload.wikimedia.org/wikipedia/commons/6/6c/New_disambig.svg', 'https://upload.wikimedia.org/wikipedia/commons/5/53/Nuvola_USA_flag.svg', 'https://upload.wikimedia.org/wikipedia/commons/1/1e/Sound_mp3.png', 'https://upload.wikimedia.org/wikipedia/commons/b/b5/U.S._flag_on_television.svg', 'https://upload.wikimedia.org/wikipedia/commons/7/77/United_States_film_clapperboard.svg']"
57570,0,Sachin Tendulkar,"['https://upload.wikimedia.org/wikipedia/commons/f/f6/Bharat_Ratna.jpg', 'https://upload.wikimedia.org/wikipedia/commons/7/73/Blue_pencil.svg', 'https://upload.wikimedia.org/wikipedia/commons/c/cd/Cricket_pictogram.svg', 'https://upload.wikimedia.org/wikipedia/commons/4/41/Flag_of_India.svg', 'https://upload.wikimedia.org/wikipedia/commons/b/bc/Icon_flat_design_plume.svg', 'https://upload.wikimedia.org/wikipedia/commons/b/bc/Icon_flat_design_plume.svg', 'https://upload.wikimedia.org/wikipedia/commons/3/38/Info_Simple.svg', 'https://upload.wikimedia.org/wikipedia/commons/4/49/Sachin_at_Castrol_Golden_Spanner_Awards.jpg', 'https://upload.wikimedia.org/wikipedia/commons/9/91/Sachin_tendulkar.jpg']"
6146151,0,Tamim bin Hamad Al Thani,"['https://upload.wikimedia.org/wikipedia/commons/4/4d/Emblem_of_Qatar.svg', 'https://upload.wikimedia.org/wikipedia/commons/6/6f/Confusion_colour.svg', 'https://upload.wikimedia.org/wikipedia/commons/4/4d/Emblem_of_Qatar.svg', 'https://upload.wikimedia.org/wikipedia/commons/2/2c/Flag_of_Bahrain.svg', 'https://upload.wikimedia.org/wikipedia/commons/c/c3/Flag_of_France.svg', 'https://upload.wikimedia.org/wikipedia/commons/0/03/Flag_of_Italy.svg', 'https://upload.wikimedia.org/wikipedia/commons/a/aa/Flag_of_Kuwait.svg', 'https://upload.wikimedia.org/wikipedia/commons/6/65/Flag_of_Qatar.svg', 'https://upload.wikimedia.org/wikipedia/commons/4/48/Flag_of_Singapore.svg', 'https://upload.wikimedia.org/wikipedia/commons/c/ce/Flag_of_Tunisia.svg', 'https://upload.wikimedia.org/wikipedia/commons/c/cb/Flag_of_the_United_Arab_Emirates.svg', 'https://upload.wikimedia.org/wikipedia/commons/3/3b/French_heraldic_crowns_-_King.svg', 'https://upload.wikimedia.org/wikipedia/commons/3/38/Info_Simple.svg', 'https://upload.wikimedia.org/wikipedia/commons/6/6c/New_disambig.svg', 'https://upload.wikimedia.org/wikipedia/commons/5/5b/Society.svg', 'https://upload.wikimedia.org/wikipedia/commons/9/9e/%D8%AA%D9%85%D9%8A%D9%85_%D8%A8%D9%86_%D8%AD%D9%85%D8%AF_%D8%A8%D9%86_%D8%AE%D9%84%D9%8A%D9%81%D8%A9_%D8%A2%D9%84_%D8%AB%D8%A7%D9%86%D9%8A_%2849759678641%29.jpg']"
9369926,0,Gennady Timchenko,"['https://upload.wikimedia.org/wikipedia/commons/7/73/Blue_pencil.svg', 'https://upload.wikimedia.org/wikipedia/commons/7/77/Circle-icons-bolt.svg', 'https://upload.wikimedia.org/wikipedia/commons/b/bc/Flag_of_Finland.svg', 'https://upload.wikimedia.org/wikipedia/commons/2/2e/Gennady_Timchenko%2C_2018.jpg', 'https://upload.wikimedia.org/wikipedia/commons/3/38/Info_Simple.svg']"
57874639,0,Novica Tončev,
44811238,0,Joseph Tsai,"['https://upload.wikimedia.org/wikipedia/commons/7/73/Blue_pencil.svg', 'https://upload.wikimedia.org/wikipedia/commons/4/4d/Circle-icons-briefcase.svg', 'https://upload.wikimedia.org/wikipedia/commons/6/60/Circle-icons-money.svg', 'https://upload.wikimedia.org/wikipedia/commons/3/38/Info_Simple.svg', 'https://upload.wikimedia.org/wikipedia/commons/3/3a/Joe_Tsai.jpg']"
50920328,0,Arthur Tugade,
89646,0,Tung Chee-hwa,"['https://upload.wikimedia.org/wikipedia/commons/7/73/Blue_pencil.svg', 'https://upload.wikimedia.org/wikipedia/commons/f/f1/Flag-map_of_the_Greater_People%27s_Republic_of_China.svg', 'https://upload.wikimedia.org/wikipedia/commons/5/5b/Flag_of_Hong_Kong.svg', 'https://upload.wikimedia.org/wikipedia/commons/3/38/Info_Simple.svg', 'https://upload.wikimedia.org/wikipedia/commons/9/90/Regional_Emblem_of_Hong_Kong.svg', 'https://upload.wikimedia.org/wikipedia/commons/5/5b/Society.svg', 'https://upload.wikimedia.org/wikipedia/commons/c/c9/Tung_Chee_Hwa.jpg']"
59763999,0,Dennis Uy,"['https://upload.wikimedia.org/wikipedia/commons/e/e1/20190531_Rodrigo_Duterte_and_Abe_Shinzo.jpg', 'https://upload.wikimedia.org/wikipedia/commons/7/73/Blue_pencil.svg', 'https://upload.wikimedia.org/wikipedia/commons/8/84/Coat_of_arms_of_the_Philippines.svg', 'https://upload.wikimedia.org/wikipedia/commons/8/84/Coat_of_arms_of_the_Philippines.svg', 'https://upload.wikimedia.org/wikipedia/commons/9/99/Flag_of_the_Philippines.svg', 'https://upload.wikimedia.org/wikipedia/commons/3/38/Info_Simple.svg', 'https://upload.wikimedia.org/wikipedia/commons/8/8a/Meeting_of_Vladimir_Putin_with_the_President_of_the_Philippines_Rodrigo_Duterte.jpg', 'https://upload.wikimedia.org/wikipedia/commons/d/d6/President_Rodrigo_Duterte_leads_the_inspection_of_the_seized_shabu_laboratory_in_Arayat%2C_Pampanga_on_September_27.jpg', 'https://upload.wikimedia.org/wikipedia/commons/f/f6/Rodrigo_Duterte_and_Mahathir_Mohamad_%28Pacquiao_vs_Matthysse%29.jpg', 'https://upload.wikimedia.org/wikipedia/commons/0/07/Rodrigo_Duterte_cropped_2019.jpg', 'https://upload.wikimedia.org/wikipedia/commons/f/f9/Rodrigo_Duterte_warns_government_officials_engaged_in_corrupt_practices_in_a_news_conference_30_September_2016.jpg', 'https://upload.wikimedia.org/wikipedia/commons/5/59/Seal_of_the_President_of_the_Philippines.svg', 'https://upload.wikimedia.org/wikipedia/commons/5/5b/Society.svg']"
23729066,0,Juan Carlos Varela,"['https://upload.wikimedia.org/wikipedia/commons/7/7e/Circle-icons-profile.svg', 'https://upload.wikimedia.org/wikipedia/commons/7/7e/Circle-icons-profile.svg', 'https://upload.wikimedia.org/wikipedia/commons/c/cb/Escudo_armas_Panama.png', 'https://upload.wikimedia.org/wikipedia/commons/b/b7/Firma_Juan_Carlos_Varela.png', 'https://upload.wikimedia.org/wikipedia/commons/a/ab/Flag_of_Panama.svg', 'https://upload.wikimedia.org/wikipedia/commons/3/38/Info_Simple.svg', 'https://upload.wikimedia.org/wikipedia/commons/d/da/Juan_Carlos_Varela_%282014%29.jpg', 'https://upload.wikimedia.org/wikipedia/commons/9/94/Nuvola_Panaman_flag.svg', 'https://upload.wikimedia.org/wikipedia/commons/5/5b/Society.svg']"
163278,0,Mario Vargas Llosa,"['https://upload.wikimedia.org/wikipedia/commons/d/d2/Acto_fundacional_UPD3.jpg', 'https://upload.wikimedia.org/wikipedia/commons/7/73/Blue_pencil.svg', 'https://upload.wikimedia.org/wikipedia/commons/7/7f/Coat_of_Arms_of_the_Royal_Spanish_Academy.svg', 'https://upload.wikimedia.org/wikipedia/commons/d/de/Coat_of_arms_of_Mario_Vargas_Llosa.svg', 'https://upload.wikimedia.org/wikipedia/commons/2/21/Emoji_u1f3ad.svg', 'https://upload.wikimedia.org/wikipedia/commons/c/cf/Flag_of_Peru.svg', 'https://upload.wikimedia.org/wikipedia/commons/9/9a/Flag_of_Spain.svg', 'https://upload.wikimedia.org/wikipedia/commons/3/38/Info_Simple.svg', 'https://upload.wikimedia.org/wikipedia/commons/a/aa/MarioVargasLlosaAitanaSanchezGijon.jpg', 'https://upload.wikimedia.org/wikipedia/commons/b/bf/Mario_Vargas_Llosa_%28crop_2%29.jpg', 'https://upload.wikimedia.org/wikipedia/commons/c/ca/Mario_Vargas_Llosa_Signature.svg', 'https://upload.wikimedia.org/wikipedia/commons/f/f1/Mario_vargas_llosa_tesis_universidad_de_san_marcos_1.jpg', 'https://upload.wikimedia.org/wikipedia/commons/8/84/Mariovargasllosa.jpg', 'https://upload.wikimedia.org/wikipedia/commons/8/88/Mistery_stub.svg', 'https://upload.wikimedia.org/wikipedia/commons/6/6c/New_disambig.svg', 'https://upload.wikimedia.org/wikipedia/commons/9/9a/NobelP2.png', 'https://upload.wikimedia.org/wikipedia/commons/5/5b/Society.svg', 'https://upload.wikimedia.org/wikipedia/commons/3/31/Toro-elPuerto.jpg', 'https://upload.wikimedia.org/wikipedia/commons/a/a5/VargasllosaUR.jpg', 'https://upload.wikimedia.org/wikipedia/commons/a/ac/VictorHugosmallColor.png']"
17890004,0,Andrey Vavilov,"['https://upload.wikimedia.org/wikipedia/commons/4/4b/De_kabinetsformatie._Politiek_overleg_door_minister_Cals_mr._Blaisse_en_minister%2C_Bestanddeelnr_915-3457.jpg', 'https://upload.wikimedia.org/wikipedia/commons/a/a2/Factory.svg', 'https://upload.wikimedia.org/wikipedia/commons/9/9e/Jeff_Bezos_%28cropped%29.jpg', 'https://upload.wikimedia.org/wikipedia/commons/e/ec/M%C3%A9tier.png', 'https://upload.wikimedia.org/wikipedia/commons/f/f0/Staff_meeting_%283%29.jpg']"
46958955,0,Olegario Vázquez Aldir,
64258,0,Jacques Villeneuve,"['https://upload.wikimedia.org/wikipedia/commons/9/91/962Logo.png', 'https://upload.wikimedia.org/wikipedia/commons/8/83/Article_de_qualit%C3%A9.svg', 'https://upload.wikimedia.org/wikipedia/commons/8/83/Article_de_qualit%C3%A9.svg', 'https://upload.wikimedia.org/wikipedia/commons/7/73/Blue_pencil.svg', 'https://upload.wikimedia.org/wikipedia/commons/1/11/Bon_article.svg', 'https://upload.wikimedia.org/wikipedia/commons/6/6f/Confusion_colour.svg', 'https://upload.wikimedia.org/wikipedia/commons/d/d8/F1_pictogram.svg', 'https://upload.wikimedia.org/wikipedia/commons/c/cf/Flag_of_Canada.svg', 'https://upload.wikimedia.org/wikipedia/commons/c/c3/Flag_of_France.svg', 'https://upload.wikimedia.org/wikipedia/commons/b/ba/Flag_of_Germany.svg', 'https://upload.wikimedia.org/wikipedia/commons/f/f5/Flag_of_Quebec_%28modified_for_visibility%29.svg', 'https://upload.wikimedia.org/wikipedia/commons/9/9a/Flag_of_Spain.svg', 'https://upload.wikimedia.org/wikipedia/commons/f/f3/Flag_of_Switzerland.svg', 'https://upload.wikimedia.org/wikipedia/commons/a/ae/Flag_of_the_United_Kingdom.svg', 'https://upload.wikimedia.org/wikipedia/commons/1/18/Formule-E-icon.png', 'https://upload.wikimedia.org/wikipedia/commons/6/6b/Indy500winningcar1995.JPG', 'https://upload.wikimedia.org/wikipedia/commons/3/38/Info_Simple.svg', 'https://upload.wikimedia.org/wikipedia/commons/1/12/Jacques_Villeneuve_%28Sauber%29_qualifying_at_US_Grand_Prix_2005.jpg', 'https://upload.wikimedia.org/wikipedia/commons/f/fd/Jacques_Villeneuve_1996.jpg', 'https://upload.wikimedia.org/wikipedia/commons/9/9d/Jacques_Villeneuve_2008_NASCAR_Rookie.jpg', 'https://upload.wikimedia.org/wikipedia/commons/9/92/Jacques_Villeneuve_P908_24hmanstest01.JPG', 'https://upload.wikimedia.org/wikipedia/commons/6/63/Jacques_Villeneuve_at_Mont-Tremblant_2010_01.jpg', 'https://upload.wikimedia.org/wikipedia/commons/7/7b/Jacques_Villeneuve_on_WRX_-_Portugal_2014_%289%29.jpg', 'https://upload.wikimedia.org/wikipedia/commons/d/d6/NASCAR_practice.jpg', 'https://upload.wikimedia.org/wikipedia/commons/6/6c/New_disambig.svg', 'https://upload.wikimedia.org/wikipedia/commons/7/70/Olympic_flag_carried_into_BC_Place_at_2010_Winter_Olympics_opening_ceremony.jpg', 'https://upload.wikimedia.org/wikipedia/commons/0/09/Villeneuve_BAR_USGP_2003.jpg', 'https://upload.wikimedia.org/wikipedia/commons/6/69/Villeneuve_cheste_2006-02.jpg', 'https://upload.wikimedia.org/wikipedia/commons/d/d6/Williams_FW19_front_2017_Williams_Conference_Centre.jpg']"
1814049,0,Daim Zainuddin,"['https://upload.wikimedia.org/wikipedia/commons/7/73/Blue_pencil.svg', 'https://upload.wikimedia.org/wikipedia/commons/f/f7/Defaut_2.svg', 'https://upload.wikimedia.org/wikipedia/commons/f/f5/Flag_of_Quebec_%28modified_for_visibility%29.svg', 'https://upload.wikimedia.org/wikipedia/commons/3/38/Info_Simple.svg', 'https://upload.wikimedia.org/wikipedia/commons/2/2e/Mona_Lisa_detail_eyes.jpg', 'https://upload.wikimedia.org/wikipedia/commons/6/6c/New_disambig.svg']"
59210523,0,Volodymyr Zelensky,"['https://upload.wikimedia.org/wikipedia/commons/1/13/-UNGA_%2848795662063%29.jpg', 'https://upload.wikimedia.org/wikipedia/commons/6/6e/Autograph-VolodymyrZelensky.png', 'https://upload.wikimedia.org/wikipedia/commons/7/73/Blue_pencil.svg', 'https://upload.wikimedia.org/wikipedia/commons/8/84/Debates_of_Petro_Poroshenko_and_Vladimir_Zelensky_%282019-04-19%29_09.jpg', 'https://upload.wikimedia.org/wikipedia/commons/4/49/Flag_of_Ukraine.svg', 'https://upload.wikimedia.org/wikipedia/commons/e/e8/Holodomor_Remembrance_Day_2019_in_Kyiv_09.jpg', 'https://upload.wikimedia.org/wikipedia/commons/3/38/Info_Simple.svg', 'https://upload.wikimedia.org/wikipedia/commons/5/50/Jester01_recadre.png', 'https://upload.wikimedia.org/wikipedia/commons/6/63/KVARTAL_95_Vadim_Chuprina.jpg', 'https://upload.wikimedia.org/wikipedia/commons/a/a2/Khomchak_with_Zelensky.jpg', 'https://upload.wikimedia.org/wikipedia/commons/9/95/Lesser_Coat_of_Arms_of_Ukraine.svg', 'https://upload.wikimedia.org/wikipedia/commons/3/3f/Logo_informations.svg', 'https://upload.wikimedia.org/wikipedia/commons/1/1b/Mendel_reporter.jpg', 'https://upload.wikimedia.org/wikipedia/commons/6/6c/New_disambig.svg', 'https://upload.wikimedia.org/wikipedia/commons/5/58/Return_of_liberated_citizens_to_the_territory_controlled_by_Ukraine_%282019-12-29%29_005.jpg', 'https://upload.wikimedia.org/wikipedia/commons/5/5b/Society.svg', 'https://upload.wikimedia.org/wikipedia/commons/1/1e/Sound_mp3.png', 'https://upload.wikimedia.org/wikipedia/commons/0/0c/TV-icon-novela.svg', 'https://upload.wikimedia.org/wikipedia/commons/f/f1/Verkhovna_Rada_2019.svg', 'https://upload.wikimedia.org/wikipedia/commons/0/07/Volodymyr_Zelensky_2019_presidential_inauguration_12.jpg', 'https://upload.wikimedia.org/wikipedia/commons/9/9c/Volodymyr_Zelensky_Official_portrait.jpg', 'https://upload.wikimedia.org/wikipedia/commons/e/ef/Volodymyr_Zelensky_in_March_31%2C_2019_%28I%29.png', 'https://upload.wikimedia.org/wikipedia/commons/e/e6/Volodymyr_Zelensky_visits_frontline_27-05-2019_%2805%29.jpg', 'https://upload.wikimedia.org/wikipedia/commons/7/7e/Volodymyr_Zelenskyy_voted_in_parliamentary_elections_%282019-07-21%29_03.jpg', 'https://upload.wikimedia.org/wikipedia/commons/2/25/Zelensky_vaccine.jpg', 'https://upload.wikimedia.org/wikipedia/commons/b/b5/%D0%97%D1%83%D1%81%D1%82%D1%80%D1%96%D1%87_%D0%9F%D1%80%D0%B5%D0%B7%D0%B8%D0%B4%D0%B5%D0%BD%D1%82%D0%B0_%D0%B7_%D1%87%D0%BB%D0%B5%D0%BD%D0%B0%D0%BC%D0%B8_%D1%83%D0%BA%D1%80%D0%B0%D1%97%D0%BD%D1%81%D1%8C%D0%BA%D0%BE%D1%97_%D0%B4%D0%B5%D0%BB%D0%B5%D0%B3%D0%B0%D1%86%D1%96%D1%97_%D0%A2%D0%9A%D0%93%2C_2019%2C_5.jpg', 'https://upload.wikimedia.org/wikipedia/commons/c/c5/%D0%9D%D0%B0%D1%80%D0%B0%D0%B4%D0%B0_%D1%87%D0%BB%D0%B5%D0%BD%D1%96%D0%B2_%D0%A0%D0%9D%D0%91%D0%9E%2C_%D0%BF%D1%80%D0%B8%D1%81%D0%B2%D1%8F%D1%87%D0%B5%D0%BD%D0%B0_%D0%B5%D0%BD%D0%B5%D1%80%D0%B3%D0%B5%D1%82%D0%B8%D1%87%D0%BD%D1%96%D0%B9_%D0%B1%D0%B5%D0%B7%D0%BF%D0%B5%D1%86%D1%96%2C_2019%2C_1.jpg', 'https://upload.wikimedia.org/wikipedia/commons/c/cf/%D0%A0%D0%BE%D0%B1%D0%BE%D1%87%D0%B0_%D0%BF%D0%BE%D1%97%D0%B7%D0%B4%D0%BA%D0%B0_%D0%92%D0%BE%D0%BB%D0%BE%D0%B4%D0%B8%D0%BC%D0%B8%D1%80%D0%B0_%D0%97%D0%B5%D0%BB%D0%B5%D0%BD%D1%81%D1%8C%D0%BA%D0%BE%D0%B3%D0%BE_%D0%B4%D0%BE_%D0%A2%D0%B5%D1%80%D0%BD%D0%BE%D0%BF%D1%96%D0%BB%D1%8C%D1%81%D1%8C%D0%BA%D0%BE%D1%97_%D0%BE%D0%B1%D0%BB%D0%B0%D1%81%D1%82%D0%B8_2020-09-18_-_24_%D0%9C-19.jpg']"
35103277,0,Yassir Znagui,"['https://upload.wikimedia.org/wikipedia/commons/2/2c/Flag_of_Morocco.svg', 'https://upload.wikimedia.org/wikipedia/commons/3/38/Info_Simple.svg', 'https://upload.wikimedia.org/wikipedia/commons/6/6c/New_disambig.svg', 'https://upload.wikimedia.org/wikipedia/commons/5/5b/Society.svg']"
68905486,14,Category:Pakistanis named in the Pandora Papers,
